object_id,centroids_x,centroids_y,aspect_ratio,area,frames,scores,counted,ground_truth
11092,50,2361,0.0,0,71,0.61,True,0
11092,61,2360,5.33333333333333,209088,72,0.78,True,0
11092,66,2433,5.62371134020618,211654,73,0.89,True,0
11092,75,2499,5.38693467336683,213328,74,0.85,True,0
11092,84,2647,5.65882352941176,163540,75,0.88,True,0
11092,99,2690,4.80975609756097,202130,76,0.87,True,0
11092,121,2697,5.36,214400,77,0.89,True,0
11092,142,2703,3.9609375,259584,78,0.9,True,0
11092,163,2714,4.03614457831325,250245,79,0.91,True,0
11092,184,2723,3.82421875,250624,80,0.86,True,0
11092,209,2742,4.13852813852813,220836,81,0.85,True,0
11092,234,2720,4.33054393305439,247365,82,0.78,True,0
11092,262,2721,4.54867256637168,232328,83,0.86,True,0
11092,287,2719,4.58407079646017,234136,84,0.82,True,0
11092,319,2722,4.48695652173913,237360,85,0.89,True,0
11092,345,2746,4.35294117647058,212602,86,0.62,True,0
11092,374,2753,5.13170731707317,215660,87,0.82,True,0
11092,404,2762,5.80110497237569,190050,88,0.67,True,0
11092,430,2767,4.41441441441441,217560,89,0.69,True,0
11092,457,2764,8.2755905511811,133477,90,0.86,True,0
11092,491,2775,4.5,213858,91,0.76,True,0
11092,521,2784,4.68571428571428,206640,92,0.77,True,0
11092,550,2789,4.60747663551401,211004,93,0.59,True,0
11092,586,2801,4.58018867924528,205852,94,0.52,True,0
11092,614,2810,4.52314814814814,211032,95,0.74,True,0
11092,643,2807,4.75,205504,96,0.68,True,0
11092,673,2814,4.93689320388349,209502,97,0.73,True,0
11092,700,2828,4.9009900990099,199980,98,0.84,True,0
11092,728,2844,5.03571428571428,193452,99,0.74,True,0
11092,757,2844,4.72727272727272,206492,100,0.61,True,0
11092,786,2845,5.09547738693467,201786,101,0.67,True,0
11092,831,2790,4.92369477911646,305274,102,0.81,True,0
11092,863,2799,4.73333333333333,272640,103,0.85,True,0
11092,887,2824,5.0184331797235,236313,104,0.36,True,0
11092,921,2828,4.83333333333333,264654,105,0.84,True,0
11092,956,2830,4.70781893004115,277992,106,0.67,True,0
11092,991,2837,4.87711864406779,271636,107,0.57,True,0
11092,1017,2849,5.11555555555555,258975,108,0.49,True,0
11092,1046,2856,5.2062937062937,425854,109,0.36,True,0
11092,1101,2899,5.37226277372262,403328,111,0.23,True,0
11092,1191,2953,5.27797833935018,404974,115,0.42,True,0
11096,106,3050,0.0,0,107,0.82,True,1
11096,132,3092,5.11555555555555,258975,108,0.85,True,1
11096,164,3110,5.2062937062937,425854,109,0.89,True,1
11096,210,3114,5.30824372759856,413199,110,0.86,True,1
11096,276,3116,5.37226277372262,403328,111,0.61,True,1
11096,327,3129,5.07067137809187,406105,112,0.83,True,1
11096,380,3131,5.26739926739926,392574,113,0.85,True,1
11096,437,3130,5.34572490706319,386822,114,0.85,True,1
11096,490,3121,5.27797833935018,404974,115,0.73,True,1
11096,549,3116,5.08333333333333,421632,116,0.8,True,1
11096,601,3128,5.40684410646387,373986,117,0.85,True,1
11096,664,3126,5.65748031496063,364998,118,0.83,True,1
11096,721,3135,5.56521739130434,356224,119,0.82,True,1
11096,781,3128,5.5813953488372,371520,120,0.83,True,1
11096,841,3122,5.77290836653386,363699,121,0.8,True,1
11096,902,3131,6.3125,316736,122,0.83,True,1
11096,964,3121,6.17446808510638,340985,123,0.84,True,1
11096,1031,3112,6.52444444444444,330300,124,0.82,True,1
11096,1094,3124,5.9957805907173,336777,125,0.81,True,1
11096,1146,3117,6.1822033898305,344324,126,0.81,True,1
11096,1203,3126,7.0,288463,127,0.85,True,1
11096,1265,3132,6.29464285714285,315840,128,0.84,True,1
11096,1325,3130,6.71698113207547,301888,129,0.85,True,1
11096,1385,3131,6.28318584070796,320920,130,0.26,True,1
11096,1439,3129,6.33777777777777,320850,131,0.19,True,1
11096,1495,3130,6.04680851063829,333935,132,0.86,True,1
11096,1550,3125,6.03361344537815,341768,133,0.84,True,1
11096,1602,3113,5.55681818181818,387288,134,0.82,True,1
11096,1644,3105,5.89243027888446,371229,135,0.84,True,1
11096,1690,3109,6.23605150214592,338549,136,0.85,True,1
11096,1741,3108,5.87951807228915,364536,137,0.84,True,1
11096,1797,3110,5.89878542510121,359879,138,0.73,True,1
11096,1852,3109,5.58396946564885,383306,139,0.84,True,1
11096,1911,3099,4.81553398058252,459792,140,0.83,True,1
11096,1963,3102,4.42042042042042,490176,141,0.76,True,1
11096,1997,3094,4.31988472622478,520153,142,0.82,True,1
11096,2018,3096,4.71974522292993,465348,143,0.67,True,1
11096,2004,2986,4.62396694214876,270798,144,0.59,True,1
11096,2003,2932,4.85714285714285,243712,145,0.74,True,1
11096,2006,2913,5.84065934065934,193466,146,0.74,True,1
11096,2016,2925,7.41911764705882,137224,147,0.87,True,1
11096,2041,2974,6.86614173228346,110744,148,0.69,True,1
11096,2064,2951,10.4347826086956,88320,149,0.34,True,1
11102,46,2559,0.0,0,172,0.27,True,0
11102,53,2792,9.37864077669903,99498,173,0.36,True,0
11102,59,2815,8.41228070175438,109326,174,0.61,True,0
11102,63,2819,7.70731707317073,116604,175,0.82,True,0
11102,69,2813,6.83571428571428,133980,176,0.88,True,0
11102,74,2812,6.39597315436241,141997,177,0.89,True,0
11102,80,2805,5.98757763975155,155204,178,0.87,True,0
11102,87,2800,5.58959537572254,167291,179,0.85,True,0
11102,98,2791,4.87684729064039,200970,180,0.82,True,0
11102,119,2788,4.53636363636363,219560,181,0.86,True,0
11102,138,2788,4.46875,224224,182,0.88,True,0
11102,156,2794,4.47085201793721,222331,183,0.18,True,0
11102,178,2795,4.24255319148936,234295,184,0.85,True,0
11102,202,2798,4.13765182186234,252434,185,0.89,True,0
11102,220,2800,4.17886178861788,252888,186,0.33,True,0
11102,244,2804,3.94656488549618,270908,187,0.9,True,0
11102,261,2811,4.05511811023622,261620,188,0.88,True,0
11102,277,2815,4.01556420233463,265224,189,0.89,True,0
11102,291,2828,4.2375,244080,190,0.88,True,0
11102,311,2833,4.27083333333333,246000,191,0.87,True,0
11102,328,2838,4.35864978902953,244821,192,0.85,True,0
11102,336,2852,4.75238095238095,209580,193,0.83,True,0
11102,343,2857,5.34920634920634,191079,194,0.85,True,0
11102,356,2871,5.41666666666666,175500,195,0.9,True,0
11102,371,2874,5.5524861878453,181905,196,0.89,True,0
11102,389,2879,5.47802197802197,181454,197,0.88,True,0
11102,409,2884,5.3068783068783,189567,198,0.84,True,0
11102,430,2890,5.31578947368421,191900,199,0.84,True,0
11102,449,2894,5.32275132275132,190134,200,0.82,True,0
11102,468,2895,5.31052631578947,191710,201,0.7,True,0
11102,484,2901,5.4054054054054,185000,202,0.73,True,0
11102,502,2905,5.11458333333333,188544,203,0.84,True,0
11102,532,2897,4.50442477876106,230068,204,0.86,True,0
11102,544,2909,5.11578947368421,184680,205,0.83,True,0
11102,568,2901,4.5414847161572,238160,206,0.85,True,0
11102,588,2901,4.7,227480,207,0.82,True,0
11102,604,2902,4.72602739726027,226665,208,0.71,True,0
11102,621,2911,4.60180995475113,224757,209,0.81,True,0
11102,632,2923,5.21578947368421,188290,210,0.29,True,0
11102,641,2934,5.75,162288,211,0.83,True,0
11102,657,2934,5.96969696969697,162525,212,0.79,True,0
11102,672,2924,6.33540372670807,164220,213,0.66,True,0
11102,695,2919,5.71348314606741,181026,214,0.58,True,0
11102,715,2910,6.20481927710843,170980,215,0.72,True,0
11102,733,2948,5.98051948051948,141834,216,0.78,True,0
11102,752,3011,5.4225352112676,109340,217,0.78,True,0
11102,772,3130,3.52173913043478,67068,218,0.75,True,0
11102,797,3152,3.75524475524475,76791,219,0.72,True,0
11102,820,3113,4.84397163120567,96303,220,0.81,True,0
11102,843,3054,5.78472222222222,119952,221,0.85,True,0
11102,877,2961,6.54601226993865,173921,222,0.72,True,0
11102,907,2927,6.05294117647058,174930,223,0.4,True,0
11102,934,2924,6.04790419161676,168670,224,0.85,True,0
11102,957,2932,7.4059405940594,75548,225,0.55,True,0
11102,982,2939,6.125,172872,226,0.11,True,0
11102,1010,2943,5.75418994413407,184370,227,0.11,True,0
11102,1032,2946,3.86864406779661,215468,228,0.11,True,0
11102,1054,2954,5.3941605839416,404972,229,0.11,True,0
11102,1077,2960,4.6,485875,230,0.13,True,0
11102,1102,2971,4.00795755968169,569647,231,0.51,True,0
11102,1122,2977,3.63080684596577,607365,232,0.72,True,0
11102,1143,2982,3.34240362811791,650034,233,0.53,True,0
11102,1166,2986,3.46296296296296,646272,234,0.63,True,0
11102,1188,2987,6.09036144578313,167826,235,0.81,True,0
11102,1207,2983,6.18787878787878,168465,236,0.71,True,0
11102,1224,2979,3.68203883495145,625004,237,0.77,True,0
11102,1240,2980,3.60465116279069,666500,238,0.77,True,0
11102,1278,2970,3.63023255813953,671230,240,0.24,True,0
11102,1294,2971,3.44519015659955,688380,241,0.16,True,0
11102,1312,2966,3.78832116788321,639927,242,0.34,True,0
11102,1328,2960,3.77937649880095,657192,243,0.53,True,0
11102,1347,2964,3.72380952380952,656880,244,0.3,True,0
11102,1360,2966,3.80975609756097,640420,245,0.18,True,0
11102,1378,2959,3.71291866028708,648736,246,0.48,True,0
11102,1395,2961,3.83084577114427,619080,247,0.6,True,0
11102,1406,2963,6.11949685534591,154707,248,0.43,True,0
11102,1419,2966,3.85856079404466,626665,249,0.5,True,0
11102,1441,2959,3.80147058823529,632808,251,0.24,True,0
11102,1451,2961,3.9079283887468,597448,252,0.38,True,0
11102,1462,2959,3.81,609600,253,0.24,True,0
11102,1484,2949,3.66584158415841,598324,255,0.41,True,0
11102,1494,2941,3.69193154034229,617590,256,0.55,True,0
11102,1505,2944,3.82005141388174,578054,257,0.4,True,0
11102,1514,2950,3.92348284960422,563573,258,0.43,True,0
11102,1523,2962,4.03252032520325,549072,259,0.45,True,0
11102,1532,2968,3.860103626943,575140,260,0.61,True,0
11102,1542,2963,4.15126050420168,529074,261,0.6,True,0
11102,1550,2961,4.09470752089136,527730,262,0.63,True,0
11102,1562,2958,4.38095238095238,494592,263,0.63,True,0
11102,1573,2965,4.42296072507552,484584,264,0.68,True,0
11102,1593,2984,4.38323353293413,488976,265,0.17,True,0
11108,97,2166,0.0,0,223,0.83,True,1
11108,53,2627,7.4059405940594,75548,225,0.71,True,1
11108,70,2674,6.125,172872,226,0.22,True,1
11108,98,2683,5.75418994413407,184370,227,0.52,True,1
11108,113,2757,3.86864406779661,215468,228,0.54,True,1
11108,130,3005,5.3941605839416,404972,229,0.88,True,1
11108,155,3101,4.6,485875,230,0.92,True,1
11108,180,3126,4.00795755968169,569647,231,0.92,True,1
11108,203,3138,3.63080684596577,607365,232,0.92,True,1
11108,230,3146,3.34240362811791,650034,233,0.91,True,1
11108,273,3138,3.46296296296296,646272,234,0.86,True,1
11108,319,3126,6.09036144578313,167826,235,0.82,True,1
11108,369,3110,6.18787878787878,168465,236,0.78,True,1
11108,415,3106,3.68203883495145,625004,237,0.88,True,1
11108,457,3095,3.60465116279069,666500,238,0.86,True,1
11108,502,3090,3.51818181818181,681120,239,0.83,True,1
11108,549,3082,3.63023255813953,671230,240,0.87,True,1
11108,592,3079,3.44519015659955,688380,241,0.88,True,1
11108,637,3078,3.78832116788321,639927,242,0.82,True,1
11108,680,3070,3.77937649880095,657192,243,0.85,True,1
11108,722,3069,3.72380952380952,656880,244,0.83,True,1
11108,767,3070,3.80975609756097,640420,245,0.88,True,1
11108,807,3072,3.71291866028708,648736,246,0.85,True,1
11108,845,3077,3.83084577114427,619080,247,0.84,True,1
11108,880,3070,6.11949685534591,154707,248,0.79,True,1
11108,924,3069,3.85856079404466,626665,249,0.74,True,1
11108,952,3073,3.74514563106796,635716,250,0.87,True,1
11108,991,3072,3.80147058823529,632808,251,0.86,True,1
11108,1024,3078,3.9079283887468,597448,252,0.85,True,1
11108,1051,3081,3.81,609600,253,0.86,True,1
11108,1079,3087,3.92708333333333,579072,254,0.83,True,1
11108,1113,3087,3.66584158415841,598324,255,0.86,True,1
11108,1138,3088,3.69193154034229,617590,256,0.88,True,1
11108,1172,3096,3.82005141388174,578054,257,0.85,True,1
11108,1205,3099,3.92348284960422,563573,258,0.84,True,1
11108,1233,3099,4.03252032520325,549072,259,0.88,True,1
11108,1259,3098,3.860103626943,575140,260,0.85,True,1
11108,1298,3100,4.15126050420168,529074,261,0.84,True,1
11108,1324,3105,4.09470752089136,527730,262,0.85,True,1
11108,1358,3106,4.38095238095238,494592,263,0.84,True,1
11108,1388,3109,4.42296072507552,484584,264,0.82,True,1
11108,1424,3109,4.38323353293413,488976,265,0.82,True,1
11108,1474,3144,4.11212121212121,447810,266,0.84,True,1
11108,1507,3150,4.15662650602409,458160,267,0.86,True,1
11108,1548,3138,3.97486033519553,509434,268,0.55,True,1
11108,1587,3130,4.19648093841642,487971,269,0.85,True,1
11108,1621,3136,4.20958083832335,469604,270,0.87,True,1
11108,1674,3135,4.06916426512968,489964,271,0.87,True,1
11108,1722,3136,4.05172413793103,490680,272,0.85,True,1
11108,1774,3138,4.34984520123839,453815,273,0.84,True,1
11108,1810,3150,3.86440677966101,484272,274,0.85,True,1
11108,1855,3154,4.01466275659824,466829,275,0.12,True,1
11108,1897,3151,3.74324324324324,512450,276,0.74,True,1
11108,1945,3152,4.23692307692307,447525,277,0.86,True,1
11108,1991,3140,4.415625,452160,278,0.88,True,1
11108,2030,3127,5.55598455598455,372701,279,0.13,True,1
11108,2070,3116,8.10555555555555,262620,280,0.71,True,1
11108,2087,3048,7.62732919254658,197708,281,0.46,True,1
11108,2113,3284,8.61805555555555,178704,282,0.79,True,1
11108,2135,3432,10.7746478873239,217260,283,0.45,True,1
11114,60,2771,0.0,0,301,0.81,True,0
11114,71,2831,4.53900709219858,90240,302,0.75,True,0
11114,88,2951,5.17441860465116,153080,303,0.89,True,0
11114,105,2999,4.72815533980582,200644,304,0.91,True,0
11114,129,3014,4.25217391304347,224940,305,0.92,True,0
11114,159,3015,4.29910714285714,215712,306,0.93,True,0
11114,191,3010,4.31415929203539,220350,307,0.91,True,0
11114,224,3017,4.36842105263157,227088,308,0.9,True,0
11114,255,3024,4.39732142857142,220640,309,0.92,True,0
11114,288,3024,4.50226244343891,219895,310,0.92,True,0
11114,322,3026,4.38157894736842,227772,311,0.91,True,0
11114,355,3031,4.55555555555555,230625,312,0.12,True,0
11114,387,3030,4.50434782608695,238280,313,0.9,True,0
11114,415,3038,4.54910714285714,228256,314,0.9,True,0
11114,443,3042,4.60714285714285,231168,315,0.88,True,0
11114,472,3054,4.67741935483871,220255,316,0.74,True,0
11114,506,3068,4.49308755760368,211575,317,0.85,True,0
11114,536,3074,4.53271028037383,207580,318,0.89,True,0
11114,567,3077,4.50684931506849,216153,319,0.88,True,0
11114,595,3078,4.66046511627906,215430,320,0.86,True,0
11114,621,3079,4.75355450236966,211633,321,0.85,True,0
11114,640,3081,4.82211538461538,208624,322,0.82,True,0
11114,662,3083,4.86893203883495,206618,323,0.89,True,0
11114,680,3088,4.88349514563106,207236,324,0.75,True,0
11114,698,3088,4.71698113207547,212000,325,0.75,True,0
11114,712,3087,4.73113207547169,212636,326,0.75,True,0
11114,720,3089,4.74178403755868,215130,327,0.87,True,0
11114,730,3094,4.78199052132701,212899,328,0.83,True,0
11114,741,3093,4.5972850678733,224536,329,0.74,True,0
11114,768,3055,4.25641025641025,317226,330,0.79,True,0
11114,781,3051,4.25,305252,331,0.84,True,0
11114,785,3061,4.54732510288065,268515,332,0.76,True,0
11114,786,3074,4.64069264069264,247632,333,0.87,True,0
11114,792,3081,4.62820512820512,253422,334,0.81,True,0
11114,797,3081,4.47325102880658,264141,335,0.82,True,0
11114,812,3080,4.77637130801687,268284,336,0.83,True,0
11114,827,3083,4.69709543568464,272812,337,0.85,True,0
11114,843,3080,4.596,287250,338,0.88,True,0
11114,860,3076,4.59288537549407,293986,339,0.19,True,0
11114,878,3073,4.69444444444444,298116,340,0.41,True,0
11114,897,3080,4.59842519685039,296672,341,0.86,True,0
11114,918,3084,4.61867704280155,305059,342,0.88,True,0
11114,930,3096,4.91176470588235,278222,343,0.89,True,0
11114,952,3096,4.68992248062015,312180,344,0.86,True,0
11114,962,3156,4.87735849056603,219208,345,0.78,True,0
11114,980,3172,5.29756097560975,222630,346,0.73,True,0
11114,1005,3158,4.96202531645569,278712,347,0.72,True,0
11114,1042,3131,4.68864468864468,349440,348,0.56,True,0
11114,1091,3064,4.28654970760233,501372,349,0.3,True,0
11114,1093,3156,5.18348623853211,246340,350,0.14,True,0
11114,1097,3195,5.34761904761904,235830,351,0.71,True,0
11114,1114,3244,5.38265306122449,206780,352,0.52,True,0
11114,1138,3264,5.16666666666666,215016,353,0.41,True,0
11114,1158,3256,5.62121212121212,220374,354,0.73,True,0
11114,1177,3256,5.79081632653061,222460,355,0.77,True,0
11114,1197,3264,5.89417989417989,210546,356,0.77,True,0
11114,1221,3249,5.98453608247422,225234,357,0.11,True,0
11114,1244,3247,6.18181818181818,216172,358,0.68,True,0
11114,1270,3252,5.92670157068062,216212,359,0.44,True,0
11114,1291,3225,6.155,246200,360,0.29,True,0
11114,1314,3262,5.64921465968586,206089,361,0.47,True,0
11114,1337,3251,5.90816326530612,226968,362,0.24,True,0
11114,1361,3270,5.72251308900523,208763,363,0.39,True,0
11114,1381,3271,5.93010752688172,205158,364,0.71,True,0
11114,1401,3270,5.89189189189189,201650,365,0.24,True,0
11114,1421,3268,5.89784946236559,204042,366,0.59,True,0
11114,1442,3263,6.11602209944751,200367,367,0.59,True,0
11114,1464,3253,6.1311475409836,205326,368,0.76,True,0
11114,1484,3249,6.27071823204419,205435,369,0.77,True,0
11114,1500,3244,6.04812834224598,211497,370,0.86,True,0
11114,1520,3240,6.37912087912087,211302,371,0.89,True,0
11114,1539,3235,6.52808988764045,206836,372,0.89,True,0
11114,1545,3323,5.89261744966443,130822,373,0.54,True,0
11114,1561,3290,7.11688311688311,168784,374,0.75,True,0
11114,1580,3269,6.5595238095238,185136,375,0.79,True,0
11114,1595,3274,6.65,170240,376,0.75,True,0
11114,1612,3272,6.65408805031446,168222,377,0.67,True,0
11114,1628,3268,6.92156862745098,162027,378,0.37,True,0
11114,1647,3257,7.67375886524822,152562,379,0.57,True,0
11114,1668,3243,7.0774193548387,170035,380,0.29,True,0
11114,1685,3238,7.53793103448275,158485,381,0.49,True,0
11114,1706,3230,7.23684210526315,167200,382,0.61,True,0
11114,1724,3218,7.04968944099378,182735,383,0.6,True,0
11114,1742,3223,6.94936708860759,173484,384,0.53,True,0
11114,1759,3227,8.19402985074626,147132,385,0.45,True,0
11114,1781,3219,7.97183098591549,160744,386,0.2,True,0
11114,1801,3216,7.84722222222222,162720,387,0.21,True,0
11114,1823,3214,7.80136986301369,166294,388,0.33,True,0
11114,1854,3255,7.88235294117647,145792,390,0.25,True,0
11114,1905,3242,6.44886363636363,199760,392,0.46,True,0
11114,1961,3225,5.88,235200,394,0.15,True,0
11114,1983,3225,6.7,193630,395,0.28,True,0
11114,2006,3219,6.5505617977528,207548,396,0.45,True,0
11114,2029,3199,6.40104166666666,235968,397,0.26,True,0
11114,2077,3188,9.43884892086331,182368,404,0.86,True,0
11114,2107,3209,12.078431372549,125664,405,0.79,True,0
11114,2122,3207,13.0689655172413,98919,406,0.68,True,0
11114,2131,3204,15.7972972972972,86506,407,0.4,True,0
11125,50,2808,0.0,0,414,0.33,True,0
11125,58,2817,4.03636363636363,48840,415,0.21,True,0
11125,61,2839,4.29508196721311,63928,416,0.29,True,0
11125,69,2845,4.56737588652482,90804,417,0.71,True,0
11125,79,2922,6.09259259259259,159894,418,0.69,True,0
11125,90,2973,5.17741935483871,179118,419,0.9,True,0
11125,101,2987,4.78155339805825,202910,420,0.91,True,0
11125,113,2996,4.42792792792792,218226,421,0.9,True,0
11125,125,3009,3.96707818930041,234252,422,0.91,True,0
11125,133,3013,3.73725490196078,243015,423,0.92,True,0
11125,146,3017,3.5724907063197,258509,424,0.92,True,0
11125,165,3027,3.60516605166051,264767,425,0.91,True,0
11125,186,3026,3.55035971223021,274386,426,0.93,True,0
11125,204,3026,3.64963503649635,274000,427,0.92,True,0
11125,223,3035,3.64338235294117,269552,428,0.92,True,0
11125,241,3048,3.59107806691449,259854,429,0.91,True,0
11125,264,3048,3.5017793594306,276504,430,0.92,True,0
11125,284,3047,3.60507246376811,274620,431,0.91,True,0
11125,303,3048,3.64044943820224,259524,432,0.89,True,0
11125,325,3053,3.60456273764258,249324,433,0.87,True,0
11125,351,3053,3.41403508771929,277305,434,0.85,True,0
11125,378,3048,3.22077922077922,305536,435,0.91,True,0
11125,402,3047,3.21612903225806,309070,436,0.91,True,0
11125,422,3051,3.21753246753246,305228,437,0.89,True,0
11125,425,3091,3.5,211806,438,0.83,True,0
11125,452,3080,3.29861111111111,273600,439,0.8,True,0
11125,458,3092,3.79916317991631,217012,440,0.71,True,0
11125,475,3039,4.55084745762711,253464,441,0.74,True,0
11125,489,3073,4.2283105022831,202794,442,0.72,True,0
11125,510,3091,4.07692307692307,199121,443,0.87,True,0
11125,535,3088,3.99141630901287,216690,444,0.86,True,0
11125,563,3086,4.13191489361702,228185,445,0.83,True,0
11125,586,3097,4.00847457627118,223256,446,0.89,True,0
11125,611,3105,3.95,227520,447,0.89,True,0
11125,635,3107,3.91497975708502,238849,448,0.88,True,0
11125,658,3103,4.00413223140495,234498,449,0.83,True,0
11125,681,3108,4.15899581589958,237566,450,0.87,True,0
11125,708,3106,3.98785425101214,243295,451,0.88,True,0
11125,729,3100,4.024,251500,452,0.89,True,0
11125,755,3096,3.86100386100386,259000,453,0.72,True,0
11125,782,3043,4.23571428571428,332080,454,0.66,True,0
11125,813,3025,4.26428571428571,334320,455,0.39,True,0
11125,842,3052,3.62622950819672,337330,456,0.47,True,0
11125,859,3083,4.00381679389312,274838,457,0.76,True,0
11125,880,3101,4.27868852459016,254736,458,0.75,True,0
11125,903,3108,4.18292682926829,253134,459,0.77,True,0
11125,927,3123,3.90114068441064,269838,460,0.83,True,0
11125,950,3134,3.91119691119691,262367,461,0.76,True,0
11125,971,3141,3.95617529880478,249243,462,0.84,True,0
11125,987,3142,4.20491803278688,250344,463,0.82,True,0
11125,1006,3140,4.41224489795918,264845,464,0.83,True,0
11125,1037,3144,4.12790697674418,274770,465,0.8,True,0
11125,1059,3145,4.06343283582089,291852,466,0.82,True,0
11125,1087,3146,3.90035587188612,307976,467,0.57,True,0
11125,1089,3156,4.67713004484304,232589,468,0.47,True,0
11125,1112,3153,4.13513513513513,277389,469,0.3,True,0
11125,1136,3161,3.88518518518518,283230,470,0.56,True,0
11125,1153,3151,4.34146341463414,262728,471,0.46,True,0
11125,1168,3147,4.44957983193277,252042,472,0.18,True,0
11125,1185,3141,3.57641921397379,187551,473,0.25,True,0
11125,1276,3117,4.72268907563025,267512,478,0.12,True,0
11125,1299,3120,4.42510121457489,269971,479,0.13,True,0
11125,1328,3116,4.352,272000,480,0.12,True,0
11125,1347,3114,4.35458167330677,274343,481,0.47,True,0
11125,1364,3084,4.66396761133603,284544,482,0.46,True,0
11125,1389,3048,4.73076923076923,319800,483,0.43,True,0
11125,1420,3045,4.02372881355932,350165,484,0.64,True,0
11125,1461,3013,3.74705882352941,433160,485,0.68,True,0
11125,1456,3055,4.32539682539682,274680,486,0.36,True,0
11125,1461,3090,4.77168949771689,228855,487,0.18,True,0
11125,1472,3110,4.88207547169811,219420,488,0.76,True,0
11125,1490,3111,4.83098591549295,219177,489,0.79,True,0
11125,1517,3104,4.57456140350877,237804,490,0.8,True,0
11125,1536,3112,4.72429906542056,216354,491,0.66,True,0
11125,1553,3107,4.87264150943396,218996,492,0.8,True,0
11125,1574,3104,4.91162790697674,227040,493,0.86,True,0
11125,1597,3090,5.22488038277512,228228,494,0.88,True,0
11125,1625,3101,4.76958525345622,224595,495,0.9,True,0
11125,1649,3090,5.33168316831683,217554,496,0.86,True,0
11125,1675,3099,4.79816513761467,228028,497,0.89,True,0
11125,1704,3109,4.90410958904109,235206,498,0.89,True,0
11125,1735,3035,5.63793103448275,303456,499,0.8,True,0
11125,1758,3068,5.48341232227488,244127,500,0.9,True,0
11125,1788,3082,5.45454545454545,238260,501,0.92,True,0
11125,1814,3100,5.4170616113744,241173,502,0.83,True,0
11125,1845,3119,5.21698113207547,234472,503,0.82,True,0
11125,1870,3139,5.36097560975609,225295,504,0.79,True,0
11125,1899,3142,5.16981132075471,232352,505,0.72,True,0
11125,1929,3150,4.91341991341991,262185,506,0.84,True,0
11125,1955,3167,4.95964125560538,246638,507,0.84,True,0
11125,1972,3199,4.99514563106796,211974,508,0.85,True,0
11125,1991,3236,4.86138613861386,198364,509,0.85,True,0
11125,2018,3197,5.21428571428571,261632,510,0.87,True,0
11125,2044,3177,5.43891402714932,265642,511,0.86,True,0
11125,2063,3165,5.89898989898989,231264,512,0.83,True,0
11125,2086,3169,8.2312925170068,177870,513,0.42,True,0
11125,2112,3261,10.3867924528301,116706,518,0.32,True,0
11125,2126,3432,8.90410958904109,47450,519,0.37,True,0
11139,66,3048,0.0,0,536,0.64,True,0
11139,46,3143,8.70786516853932,68975,537,0.32,True,0
11139,59,3204,7.09166666666666,102120,538,0.74,True,0
11139,64,3227,6.49242424242424,113124,539,0.79,True,0
11139,75,3239,5.67532467532467,134596,540,0.88,True,0
11139,82,3250,5.36024844720496,138943,541,0.89,True,0
11139,92,3259,5.2060606060606,141735,542,0.87,True,0
11139,114,3270,5.30817610062893,134196,543,0.79,True,0
11139,134,3264,5.49079754601227,145885,544,0.83,True,0
11139,158,3274,5.12426035502958,146354,545,0.83,True,0
11139,184,3287,4.81564245810055,154298,546,0.63,True,0
11139,207,3265,5.42774566473988,162447,547,0.46,True,0
11139,229,3226,6.52147239263803,173269,548,0.8,True,0
11139,256,3202,6.68518518518518,175446,549,0.86,True,0
11139,283,3192,6.55757575757575,178530,550,0.87,True,0
11139,310,3190,6.57926829268292,176956,551,0.88,True,0
11139,338,3190,6.70186335403726,173719,552,0.9,True,0
11139,362,3189,6.67701863354037,173075,553,0.89,True,0
11139,388,3185,7.0,170352,554,0.89,True,0
11139,415,3182,6.75308641975308,177228,555,0.89,True,0
11139,438,3183,6.64375,170080,556,0.88,True,0
11139,462,3190,6.1,176290,557,0.85,True,0
11139,487,3195,5.57754010695187,195041,558,0.66,True,0
11139,506,3192,5.77900552486187,189326,559,0.74,True,0
11139,523,3203,5.77011494252873,174696,560,0.84,True,0
11139,536,3220,5.698224852071,162747,561,0.15,True,0
11139,552,3220,5.60571428571428,171675,562,0.49,True,0
11139,569,3213,5.75438596491228,168264,563,0.13,True,0
11139,586,3202,5.61748633879781,188124,564,0.8,True,0
11139,603,3204,5.16923076923076,196560,565,0.15,True,0
11139,619,3197,5.00961538461538,216736,566,0.25,True,0
11139,629,3231,5.23163841807909,163902,567,0.88,True,0
11139,642,3240,5.26256983240223,168618,568,0.88,True,0
11139,659,3229,5.53072625698324,177210,569,0.78,True,0
11139,676,3235,5.11290322580645,176886,570,0.77,True,0
11139,692,3238,5.13978494623655,177816,571,0.83,True,0
11139,705,3247,5.47457627118644,171513,572,0.8,True,0
11139,724,3257,5.13333333333333,166320,573,0.85,True,0
11139,742,3265,5.21468926553672,163371,574,0.79,True,0
11139,761,3274,5.25988700564971,164787,575,0.83,True,0
11139,779,3279,5.44252873563218,164778,576,0.83,True,0
11139,803,3261,5.28717948717948,201045,577,0.85,True,0
11139,820,3291,5.44117647058823,157250,578,0.88,True,0
11139,849,3271,5.38341968911917,200527,579,0.83,True,0
11139,873,3246,6.28491620111731,201375,580,0.59,True,0
11139,894,3269,6.0,177504,581,0.86,True,0
11139,917,3312,5.5688622754491,155310,582,0.86,True,0
11139,943,3331,5.64497041420118,161226,583,0.85,True,0
11139,976,3333,5.12565445026178,186989,584,0.77,True,0
11139,1009,3293,5.23113207547169,235108,585,0.86,True,0
11139,1034,3285,5.14218009478673,228935,586,0.8,True,0
11139,1054,3301,5.30102040816326,203644,587,0.69,True,0
11139,1078,3305,5.215,208600,588,0.29,True,0
11139,1103,3307,4.93809523809523,217770,589,0.4,True,0
11139,1122,3299,5.36923076923076,204165,590,0.16,True,0
11139,1133,3317,5.71345029239766,167067,591,0.42,True,0
11139,1150,3317,5.90588235294117,170680,592,0.38,True,0
11139,1169,3295,6.39156626506024,176126,593,0.27,True,0
11139,1188,3272,6.51807228915662,179612,594,0.83,True,0
11139,1206,3258,6.57317073170731,176792,595,0.82,True,0
11139,1223,3253,6.20833333333333,175224,596,0.58,True,0
11139,1242,3251,2.93594306049822,231825,597,0.31,True,0
11139,1261,3234,3.3639344262295,312930,598,0.61,True,0
11139,1278,3223,6.33333333333333,172425,599,0.17,True,0
11139,1305,3210,5.05238095238095,222810,600,0.5,True,0
11139,1318,3211,5.47058823529411,191301,601,0.39,True,0
11139,1327,3219,5.47777777777777,177480,602,0.31,True,0
11139,1341,3200,5.66120218579235,189588,603,0.18,True,0
11139,1367,3190,5.71590909090909,177056,605,0.2,True,0
11139,1378,3181,6.08536585365853,163672,606,0.35,True,0
11139,1395,3172,6.10843373493975,168324,607,0.59,True,0
11139,1406,3170,6.04938271604938,158760,608,0.43,True,0
11139,1421,3175,5.90184049079754,156806,609,0.48,True,0
11139,1441,3142,6.24855491329479,187013,610,0.42,True,0
11139,1464,3126,5.72872340425531,202476,611,0.33,True,0
11139,1476,3141,6.35625,162720,612,0.41,True,0
11139,1501,3127,5.5,198550,613,0.8,True,0
11139,1513,3140,5.99411764705882,173230,614,0.79,True,0
11139,1527,3152,6.27215189873417,156578,615,0.54,True,0
11139,1545,3144,6.13855421686747,169154,616,0.68,True,0
11139,1559,3156,6.05521472392638,160881,617,0.66,True,0
11139,1574,3164,6.03048780487804,162196,618,0.77,True,0
11139,1590,3168,6.35294117647058,148716,619,0.75,True,0
11139,1607,3176,6.14102564102564,149448,620,0.65,True,0
11139,1621,3178,6.36601307189542,149022,621,0.45,True,0
11139,1639,3174,6.6241610738255,147063,622,0.7,True,0
11139,1659,3178,6.18987341772151,154524,623,0.72,True,0
11139,1681,3173,6.23312883435582,165608,624,0.77,True,0
11139,1696,3179,6.34355828220858,168542,625,0.5,True,0
11139,1739,3303,4.62686567164179,186930,628,0.35,True,0
11139,1753,3221,6.9527027027027,152292,629,0.73,True,0
11139,1777,3191,6.21472392638036,165119,630,0.83,True,0
11139,1797,3183,6.21739130434782,161161,631,0.84,True,0
11139,1827,3133,5.89473684210526,212800,632,0.81,True,0
11139,1835,3121,7.47619047619047,161553,633,0.85,True,0
11139,1858,3124,6.2189349112426,177619,634,0.84,True,0
11139,1871,3145,6.69127516778523,148553,635,0.86,True,0
11139,1887,3140,6.54838709677419,157325,636,0.79,True,0
11139,1905,3127,6.61783439490445,163123,637,0.7,True,0
11139,1924,3119,7.09271523178807,161721,638,0.82,True,0
11139,1942,3127,6.7516339869281,158049,639,0.82,True,0
11139,1959,3098,7.0,188272,640,0.9,True,0
11139,1977,3089,6.85889570552147,182234,641,0.92,True,0
11139,1991,3094,6.85365853658536,184336,642,0.87,True,0
11139,2006,3155,6.36734693877551,137592,643,0.86,True,0
11139,2019,3187,6.55,128380,644,0.78,True,0
11139,2040,3207,6.03973509933774,137712,645,0.79,True,0
11139,2058,3256,5.31724137931034,111795,646,0.82,True,0
11139,2076,3216,6.62068965517241,139200,647,0.83,True,0
11139,2091,3240,6.13669064748201,118567,648,0.19,True,0
11139,2102,3258,6.97478991596638,98770,649,0.82,True,0
11139,2113,3266,8.48484848484848,83160,650,0.85,True,0
11139,2122,3231,12.0487804878048,81016,651,0.14,True,0
11154,60,2853,0.0,0,653,0.14,True,0
11154,68,3038,5.73188405797101,109158,655,0.75,True,0
11154,75,3076,5.28476821192053,120498,656,0.8,True,0
11154,84,3088,4.81481481481481,126360,657,0.3,True,0
11154,93,3090,4.4054054054054,150775,658,0.85,True,0
11154,100,3097,4.15025906735751,154593,659,0.84,True,0
11154,117,3107,4.01960784313725,167280,660,0.76,True,0
11154,130,3113,4.17277486910994,152227,661,0.86,True,0
11154,142,3118,4.27513227513227,152712,662,0.88,True,0
11154,160,3120,4.16582914572864,164971,663,0.9,True,0
11154,175,3124,4.16923076923076,158535,664,0.89,True,0
11154,186,3150,4.41279069767441,130548,665,0.68,True,0
11154,205,3091,5.05699481865285,188368,666,0.71,True,0
11154,218,3127,4.25396825396825,151956,667,0.85,True,0
11154,237,3125,4.64361702127659,164124,668,0.86,True,0
11154,251,3127,4.94767441860465,146372,669,0.8,True,0
11154,269,3079,5.58988764044943,177110,670,0.51,True,0
11154,281,3136,4.92207792207792,116732,671,0.75,True,0
11154,311,3119,4.56770833333333,168384,672,0.87,True,0
11154,336,3110,4.52577319587628,170332,673,0.87,True,0
11154,357,3095,4.56923076923076,173745,674,0.76,True,0
11154,380,3093,4.66321243523316,173700,675,0.78,True,0
11154,401,3095,4.56701030927835,171884,676,0.78,True,0
11154,422,3094,4.49494949494949,176220,677,0.85,True,0
11154,443,3095,4.38118811881188,178770,678,0.89,True,0
11154,458,3086,4.55276381909547,180294,679,0.88,True,0
11154,473,3080,4.84864864864864,165945,680,0.74,True,0
11154,493,3060,4.705,188200,681,0.8,True,0
11154,517,3067,4.25358851674641,185801,682,0.88,True,0
11154,531,3066,4.41148325358851,192698,683,0.64,True,0
11154,548,3063,4.56650246305418,188181,684,0.74,True,0
11154,564,3058,4.57635467980295,188587,685,0.81,True,0
11154,579,3053,4.86458333333333,179328,686,0.81,True,0
11154,594,3050,4.92592592592592,175959,687,0.77,True,0
11154,611,3051,4.75773195876288,179062,688,0.8,True,0
11154,631,3049,4.76530612244898,183064,689,0.8,True,0
11154,651,3040,4.75634517766497,184589,690,0.8,True,0
11154,673,3032,4.77664974619289,185377,691,0.65,True,0
11154,693,3025,4.75384615384615,180765,692,0.83,True,0
11154,717,3034,4.57425742574257,186648,693,0.84,True,0
11154,740,3042,4.47290640394088,184324,694,0.85,True,0
11154,764,3035,4.48292682926829,188395,695,0.81,True,0
11154,784,3040,4.53233830845771,183111,696,0.86,True,0
11154,801,3049,4.42233009708737,187666,697,0.86,True,0
11154,822,3052,4.36842105263157,190817,698,0.87,True,0
11154,843,3053,4.34433962264151,195252,699,0.84,True,0
11154,865,3056,4.33816425120772,185886,700,0.8,True,0
11154,885,3060,4.48557692307692,194064,701,0.75,True,0
11154,906,3067,4.24528301886792,190800,702,0.85,True,0
11154,926,3070,4.20183486238532,199688,703,0.84,True,0
11154,944,3074,4.4047619047619,194250,704,0.87,True,0
11154,966,3082,4.36320754716981,196100,705,0.83,True,0
11154,981,3093,4.34928229665071,189981,706,0.85,True,0
11154,997,3102,4.22790697674418,195435,707,0.83,True,0
11154,1014,3110,4.16055045871559,197726,708,0.84,True,0
11154,1024,3117,4.34299516908212,186093,709,0.78,True,0
11154,1034,3116,4.4375,191984,710,0.82,True,0
11154,1047,3117,4.4375,191984,711,0.73,True,0
11154,1063,3121,4.4047619047619,194250,712,0.64,True,0
11154,1075,3129,4.48058252427184,190138,713,0.68,True,0
11154,1085,3133,4.51980198019802,184426,714,0.78,True,0
11154,1101,3120,4.33777777777777,219600,715,0.58,True,0
11154,1113,3071,5.21719457013574,254813,716,0.55,True,0
11154,1125,3069,4.83842794759825,253732,717,0.56,True,0
11154,1134,3110,4.61860465116279,213495,718,0.5,True,0
11154,1150,3091,4.63865546218487,262752,719,0.62,True,0
11154,1170,3070,4.63306451612903,284952,720,0.69,True,0
11154,1176,3062,5.21238938053097,266228,721,0.66,True,0
11154,1182,3105,4.94685990338164,211968,722,0.54,True,0
11154,1193,3137,4.75369458128078,195895,723,0.34,True,0
11154,1203,3144,4.83980582524271,205382,724,0.4,True,0
11154,1224,3151,4.32286995515695,214972,725,0.19,True,0
11154,1240,3162,6.85972850678733,335036,726,0.16,True,0
11154,1268,3139,2.94672131147541,175436,727,0.36,True,0
11154,1280,3151,4.51091703056768,236557,728,0.27,True,0
11154,1292,3133,3.21602787456446,264901,729,0.39,True,0
11154,1316,3107,3.38853503184713,334096,730,0.34,True,0
11154,1340,3117,3.34173669467787,425901,731,0.26,True,0
11154,1355,3136,3.71289537712895,627186,732,0.52,True,0
11154,1371,3145,3.39373601789709,678099,733,0.19,True,0
11154,1398,3152,3.05656565656565,748935,734,0.21,True,0
11154,1426,3143,4.95871559633027,235658,735,0.13,True,0
11154,1449,3156,4.94761904761904,218190,736,0.2,True,0
11154,1482,3174,2.35714285714285,977592,737,0.45,True,0
11154,1515,3175,4.67117117117117,230214,738,0.39,True,0
11154,1542,3183,4.95121951219512,208075,739,0.6,True,0
11154,1564,3186,5.09756097560975,214225,740,0.73,True,0
11154,1590,3190,5.08333333333333,211548,741,0.38,True,0
11154,1615,3193,5.20197044334975,214368,742,0.49,True,0
11154,1641,3202,5.15841584158415,210484,743,0.44,True,0
11154,1663,3202,5.3467336683417,211736,744,0.31,True,0
11154,1689,3208,5.00478468899521,218614,745,0.17,True,0
11154,1714,3214,4.73333333333333,239625,746,0.37,True,0
11154,1734,3225,4.85185185185185,226368,747,0.55,True,0
11154,1751,3225,5.09523809523809,224700,748,0.76,True,0
11154,1765,3228,5.00930232558139,231555,749,0.65,True,0
11154,1776,3235,4.80269058295964,238833,750,0.63,True,0
11154,1784,3241,4.78378378378378,235764,751,0.73,True,0
11154,1789,3251,4.94418604651162,228545,752,0.81,True,0
11154,1794,3262,4.86320754716981,218572,753,0.85,True,0
11154,1800,3257,4.98130841121495,228124,754,0.88,True,0
11154,1807,3254,5.15813953488372,238435,755,0.88,True,0
11154,1807,3262,5.25238095238095,231630,756,0.76,True,0
11154,1814,3267,5.12903225806451,241521,757,0.79,True,0
11154,1821,3274,5.15277777777777,240408,758,0.83,True,0
11154,1825,3283,5.17757009345794,237112,759,0.76,True,0
11154,1828,3290,5.03211009174311,239146,760,0.77,True,0
11154,1833,3299,4.9953488372093,230910,761,0.72,True,0
11154,1838,3308,4.73991031390134,235711,762,0.7,True,0
11154,1845,3317,4.53043478260869,239660,763,0.7,True,0
11154,1848,3325,4.55555555555555,230625,764,0.62,True,0
11154,1850,3366,4.14155251141552,198633,765,0.66,True,0
11154,1853,3343,4.48471615720524,235183,766,0.74,True,0
11154,1855,3347,4.42600896860986,220101,767,0.48,True,0
11154,1860,3355,4.20869565217391,222640,768,0.38,True,0
11154,1867,3360,4.08085106382978,225365,769,0.13,True,0
11154,1877,3359,3.85657370517928,242968,770,0.21,True,0
11154,1890,3354,3.77307692307692,255060,771,0.26,True,0
11154,1903,3347,3.93675889328063,251988,772,0.26,True,0
11154,1901,3351,4.0,238144,773,0.31,True,0
11170,54,3072,0.0,0,803,0.41,True,0
11170,48,3376,8.96969696969696,87912,804,0.3,True,0
11170,53,3354,6.42592592592592,74952,805,0.85,True,0
11170,58,3351,6.1,87840,806,0.87,True,0
11170,68,3385,6.23188405797101,118680,807,0.85,True,0
11170,81,3398,5.46987951807228,150728,808,0.82,True,0
11170,98,3390,4.61165048543689,195700,809,0.84,True,0
11170,101,3396,4.64467005076142,180255,810,0.82,True,0
11170,113,3386,4.11739130434782,217810,811,0.84,True,0
11170,124,3380,3.97071129707112,226811,812,0.88,True,0
11170,136,3386,3.90717299578059,219462,813,0.89,True,0
11170,150,3387,4.03947368421052,209988,814,0.84,True,0
11170,158,3399,4.12616822429906,188962,815,0.82,True,0
11170,168,3404,4.13744075829383,184203,816,0.79,True,0
11170,186,3382,3.76587301587301,239148,817,0.76,True,0
11170,211,3368,3.39007092198581,269592,818,0.85,True,0
11170,235,3353,3.32666666666666,299400,819,0.83,True,0
11170,247,3346,3.07361963190184,326652,820,0.81,True,0
11170,251,3360,3.18456375838926,282802,821,0.78,True,0
11170,260,3367,3.12913907284768,285390,822,0.79,True,0
11170,253,3396,3.66382978723404,202335,823,0.8,True,0
11170,257,3409,3.66239316239316,200538,824,0.86,True,0
11170,280,3408,3.43478260869565,219857,825,0.8,True,0
11170,289,3412,3.84304932735426,191111,826,0.85,True,0
11170,303,3410,3.88340807174887,193118,827,0.87,True,0
11170,322,3404,3.77682403433476,205040,828,0.85,True,0
11170,341,3397,4.05882352941176,198237,829,0.86,True,0
11170,358,3402,3.89237668161435,193564,830,0.83,True,0
11170,379,3401,3.90707964601769,199558,831,0.81,True,0
11170,396,3409,3.64680851063829,201395,832,0.83,True,0
11170,418,3418,3.52320675105485,197895,833,0.79,True,0
11170,440,3425,3.6359649122807,189012,834,0.82,True,0
11170,463,3419,3.89908256880733,185300,835,0.85,True,0
11170,486,3416,3.81981981981982,188256,836,0.86,True,0
11170,512,3414,4.0,183184,837,0.84,True,0
11170,539,3397,3.59523809523809,228312,838,0.76,True,0
11170,570,3400,3.82532751091703,200604,839,0.81,True,0
11170,594,3396,3.73949579831932,211820,840,0.81,True,0
11170,611,3397,4.20952380952381,185640,841,0.81,True,0
11170,634,3410,4.18316831683168,170690,842,0.73,True,0
11170,658,3400,4.57731958762886,172272,843,0.72,True,0
11170,678,3447,3.53623188405797,151524,844,0.19,True,0
11170,709,3409,4.71354166666666,173760,845,0.7,True,0
11170,739,3389,4.48058252427184,190138,846,0.19,True,0
11170,768,3399,4.57978723404255,161868,847,0.77,True,0
11170,796,3381,4.69849246231155,186065,848,0.8,True,0
11170,821,3398,4.42487046632124,164822,849,0.63,True,0
11170,859,3360,4.65116279069767,215000,850,0.11,True,0
11170,899,3355,4.33928571428571,217728,851,0.3,True,0
11170,927,3365,4.39622641509434,197584,852,0.22,True,0
11170,941,3395,4.54010695187165,158763,853,0.13,True,0
11170,958,3420,4.19072164948453,157722,854,0.74,True,0
11170,983,3415,4.17560975609756,175480,855,0.8,True,0
11170,1009,3412,4.59358288770053,160633,856,0.1,True,0
11170,1040,3409,4.62365591397849,159960,857,0.13,True,0
11170,1064,3405,4.46391752577319,168004,858,0.62,True,0
11170,1094,3412,4.72067039106145,151255,859,0.68,True,0
11170,1118,3416,2.53448275862068,76734,860,0.7,True,0
11170,1157,3375,3.7704280155642,249033,861,0.45,True,0
11170,1179,3372,3.744,234000,862,0.54,True,0
11170,1195,3371,4.04743083003952,259072,863,0.61,True,0
11170,1211,3378,3.3615635179153,316824,864,0.62,True,0
11170,1232,3377,2.86592178770949,367308,865,0.47,True,0
11170,1238,3395,2.62886597938144,395760,866,0.41,True,0
11170,1242,3406,2.39795918367346,368480,867,0.11,True,0
11182,87,3094,0.0,0,861,0.77,True,1
11182,108,3286,3.744,234000,862,0.65,True,1
11182,126,3348,4.04743083003952,259072,863,0.85,True,1
11182,151,3354,3.3615635179153,316824,864,0.82,True,1
11182,176,3353,2.86592178770949,367308,865,0.57,True,1
11182,195,3352,2.62886597938144,395760,866,0.57,True,1
11182,213,3377,2.39795918367346,368480,867,0.87,True,1
11182,247,3387,2.3019801980198,375720,868,0.7,True,1
11182,283,3390,2.28255528255528,378103,869,0.84,True,1
11182,333,3389,2.33082706766917,371070,870,0.81,True,1
11182,377,3389,2.19711538461538,380224,871,0.82,True,1
11182,415,3385,2.04212860310421,415371,872,0.69,True,1
11182,460,3378,2.13228699551569,424146,873,0.83,True,1
11182,504,3384,2.07709750566893,403956,874,0.76,True,1
11182,551,3388,2.05681818181818,398200,875,0.77,True,1
11182,603,3395,2.125,367744,876,0.74,True,1
11182,657,3402,2.26546391752577,341052,877,0.79,True,1
11182,703,3406,2.19444444444444,344124,878,0.76,True,1
11182,738,3421,1.95990566037735,352344,879,0.65,True,1
11182,781,3422,1.98588235294117,358700,880,0.74,True,1
11182,836,3423,2.06617647058823,343944,881,0.76,True,1
11182,884,3428,2.04962779156327,332878,882,0.63,True,1
11182,940,3429,2.2258064516129,308016,883,0.75,True,1
11182,996,3429,2.09644670050761,325444,884,0.76,True,1
11182,1045,3420,2.04556354916067,355701,885,0.72,True,1
11182,1100,3423,2.00721153846153,347360,886,0.4,True,1
11182,1174,3411,3.54807692307692,153504,887,0.11,True,1
11182,1346,3388,3.67475728155339,155942,889,0.11,True,1
11182,1434,3356,2.68283582089552,192692,890,0.14,True,1
11194,295,3541,0.0,0,942,0.1,True,0
11194,369,3573,1.90181818181818,143825,945,0.16,True,0
11194,467,3526,3.8284023668639,109343,950,0.28,True,0
11194,504,3579,1.80152671755725,123664,951,0.45,True,0
11194,538,3597,1.8313725490196,119085,952,0.51,True,0
11194,570,3604,1.96265560165975,113993,953,0.23,True,0
11194,587,3601,1.7970479704797,131977,954,0.17,True,0
11194,605,3601,1.93574297188755,120018,955,0.59,True,0
11194,622,3609,1.81349206349206,115164,956,0.52,True,0
11194,660,3606,2.03004291845493,110209,957,0.54,True,0
11194,683,3609,1.94514767932489,109257,958,0.65,True,0
11194,710,3608,2.07111111111111,104850,959,0.63,True,0
11194,748,3606,1.97478991596638,111860,960,0.65,True,0
11194,782,3599,1.98373983739837,120048,961,0.7,True,0
11194,807,3601,1.85328185328185,124320,962,0.67,True,0
11194,822,3606,1.76245210727969,120060,963,0.62,True,0
11194,861,3588,8.17605633802817,164862,964,0.56,True,0
11194,900,3553,1.87962962962962,197316,965,0.52,True,0
11194,948,3577,2.04115226337448,120528,967,0.46,True,0
11194,970,3578,2.01960784313725,131325,968,0.56,True,0
11194,1005,3588,1.69759450171821,143754,970,0.13,True,0
11194,1039,3562,2.10507246376811,160356,971,0.21,True,0
11194,1073,3566,1.93862815884476,148749,972,0.21,True,0
11194,1088,3592,1.83333333333333,116424,973,0.42,True,0
11194,1120,3600,1.94166666666666,111840,974,0.65,True,0
11194,1154,3608,1.92703862660944,104617,975,0.45,True,0
11194,1163,3631,1.63598326359832,93449,976,0.17,True,0
11194,1227,3607,1.86486486486486,125097,978,0.32,True,0
11194,1251,3607,1.92916666666666,111120,979,0.47,True,0
11194,1283,3579,2.09019607843137,135915,981,0.47,True,0
11194,1302,3570,2.15936254980079,136042,982,0.29,True,0
11203,242,3484,0.0,0,983,0.22,True,1
11203,254,3489,1.66265060240963,286350,984,0.33,True,1
11203,290,3470,1.73536299765807,316407,985,0.65,True,1
11203,350,3470,1.94864864864864,266770,986,0.54,True,1
11203,405,3449,1.68085106382978,371300,987,0.41,True,1
11203,425,3445,1.558,389500,988,0.66,True,1
11203,466,3436,1.568359375,411136,989,0.11,True,1
11203,536,3431,1.87528868360277,351596,990,0.19,True,1
11203,584,3429,1.93571428571428,341460,991,0.48,True,1
11203,619,3438,1.83216783216783,337194,992,0.31,True,1
11203,662,3442,1.8958837772397,323379,993,0.55,True,1
11203,748,3429,2.10432569974554,325011,994,0.61,True,1
11203,819,3421,2.35955056179775,299040,995,0.65,True,1
11203,897,3422,2.96071428571428,232120,996,0.2,True,1
11203,938,3420,2.9298245614035,237975,997,0.28,True,1
11203,991,3417,3.03597122302158,234632,998,0.36,True,1
11203,1038,3411,2.69400630914826,270718,999,0.37,True,1
11203,1106,3405,3.64705882352941,206584,1000,0.31,True,1
11203,1166,3397,2.78125,284800,1001,0.64,True,1
11203,1213,3391,2.85987261146496,281972,1002,0.63,True,1
11203,1296,3387,2.89423076923076,281736,1003,0.2,True,1
11203,1374,3388,2.70180722891566,297804,1004,0.24,True,1
11203,1422,3382,2.89556962025316,289140,1005,0.52,True,1
11203,1503,3382,2.88141025641025,280488,1006,0.31,True,1
11214,106,3059,0.0,0,1090,0.7,True,1
11214,120,3196,2.32067510548523,130350,1091,0.42,True,1
11214,108,3385,3.85990338164251,165393,1092,0.61,True,1
11214,122,3449,3.344,209000,1093,0.72,True,1
11214,142,3479,2.71080139372822,223286,1094,0.19,True,1
11214,183,3440,2.3188775510204,356328,1095,0.2,True,1
11214,264,3407,4.48876404494382,142222,1099,0.29,True,1
11214,305,3382,2.23255813953488,412800,1100,0.21,True,1
11214,368,3391,2.05963302752293,391528,1101,0.78,True,1
11214,434,3381,2.13895216400911,412221,1102,0.59,True,1
11214,489,3365,2.09129511677282,463935,1103,0.76,True,1
11214,551,3376,1.93684210526315,437000,1104,0.5,True,1
11214,631,3429,2.0025706940874,303031,1105,0.67,True,1
11214,706,3439,2.16042780748663,302192,1106,0.71,True,1
11214,771,3441,2.23351648351648,295932,1107,0.76,True,1
11214,819,3449,2.08201058201058,297486,1108,0.72,True,1
11214,873,3448,2.21944444444444,287640,1109,0.69,True,1
11214,939,3449,2.27953890489913,274477,1110,0.7,True,1
11214,990,3447,2.03562340966921,314400,1111,0.35,True,1
11214,1054,3451,2.31656804733727,264654,1112,0.65,True,1
11214,1081,3451,3.4388489208633,66442,1113,0.21,True,1
11214,1148,3437,2.95180722891566,81340,1114,0.41,True,1
11214,1207,3444,2.89411764705882,83640,1115,0.4,True,1
11214,1297,3444,2.26704545454545,280896,1116,0.63,True,1
11214,1366,3442,2.37573964497041,271414,1117,0.69,True,1
11214,1497,3438,2.01240694789081,326833,1118,0.51,True,1
11214,1555,3441,1.99253731343283,322002,1119,0.6,True,1
11214,1606,3444,2.0204081632653,310464,1120,0.56,True,1
11214,1697,3454,1.92071611253196,293641,1121,0.46,True,1
11214,1764,3451,1.8646080760095,330485,1122,0.36,True,1
11214,1803,3456,1.72522522522522,340104,1123,0.11,True,1
11214,1921,3476,2.44982698961937,204612,1124,0.39,True,1
11214,2100,3393,7.39682539682539,117432,1130,0.47,True,1
11214,2134,3416,10.4177215189873,65017,1131,0.36,True,1
11214,2147,3399,11.96,67275,1132,0.4,True,1
11229,56,3390,0.0,0,1141,0.43,True,0
11229,61,3438,6.30645161290322,96968,1142,0.3,True,0
11229,67,3424,5.52205882352941,102136,1143,0.56,True,0
11229,77,3411,4.68987341772151,117078,1144,0.87,True,0
11229,86,3425,4.55113636363636,140976,1145,0.72,True,0
11229,92,3446,4.16939890710382,139629,1146,0.76,True,0
11229,91,3481,3.8314606741573,121396,1147,0.63,True,0
11229,90,3471,4.29545454545454,133056,1148,0.84,True,0
11229,95,3463,3.96354166666666,146112,1149,0.9,True,0
11229,105,3459,3.56481481481481,166320,1150,0.87,True,0
11229,120,3450,3.29661016949152,183608,1151,0.89,True,0
11229,137,3431,3.40663900414937,197861,1152,0.89,True,0
11229,152,3417,3.31153846153846,223860,1153,0.91,True,0
11229,171,3389,3.33812949640287,257984,1154,0.89,True,0
11229,199,3376,3.27017543859649,265620,1155,0.89,True,0
11229,218,3372,3.10299003322259,281134,1156,0.89,True,0
11229,238,3382,2.803738317757,288900,1157,0.9,True,0
11229,269,3391,2.87947882736156,271388,1158,0.88,True,0
11229,286,3400,2.57910447761194,289440,1159,0.84,True,0
11229,291,3445,2.58657243816254,207156,1160,0.7,True,0
11229,295,3485,2.74074074074074,161838,1161,0.85,True,0
11229,317,3499,2.89130434782608,152950,1162,0.82,True,0
11229,328,3477,3.03673469387755,182280,1163,0.81,True,0
11229,356,3467,3.23504273504273,177138,1164,0.83,True,0
11229,373,3419,3.38113207547169,237440,1165,0.78,True,0
11229,397,3396,3.37546468401487,244252,1166,0.76,True,0
11229,420,3392,3.41221374045801,234228,1167,0.83,True,0
11229,440,3393,3.13427561837455,251021,1168,0.79,True,0
11229,461,3388,3.32841328413284,244442,1169,0.79,True,0
11229,483,3382,3.42910447761194,246292,1170,0.76,True,0
11229,498,3382,3.28985507246376,250608,1171,0.71,True,0
11229,505,3381,3.01650165016501,276942,1172,0.67,True,0
11229,525,3395,3.10714285714285,243600,1173,0.7,True,0
11229,544,3398,2.80168776371308,157368,1174,0.53,True,0
11229,559,3400,2.96938775510204,256662,1175,0.56,True,0
11229,578,3404,3.16483516483516,235872,1176,0.8,True,0
11229,592,3406,3.2,233280,1177,0.68,True,0
11229,601,3413,3.22137404580152,221128,1178,0.78,True,0
11229,611,3413,3.26819923371647,222633,1179,0.77,True,0
11229,628,3416,3.21755725190839,220866,1180,0.83,True,0
11229,657,3411,3.24714828897338,224602,1181,0.76,True,0
11229,677,3411,3.27692307692307,221520,1182,0.77,True,0
11229,710,3407,3.80263157894736,197676,1183,0.69,True,0
11229,742,3396,3.74895397489539,214144,1184,0.64,True,0
11229,763,3395,3.3854961832061,232394,1185,0.77,True,0
11229,781,3401,3.42913385826771,221234,1186,0.71,True,0
11229,808,3404,3.69230769230769,202176,1187,0.59,True,0
11229,837,3399,3.8391304347826,203090,1188,0.37,True,0
11229,858,3394,3.67622950819672,218868,1189,0.39,True,0
11229,885,3401,3.79735682819383,195674,1190,0.35,True,0
11229,919,3399,3.4092664092664,228697,1191,0.56,True,0
11229,955,3396,3.79059829059829,207558,1192,0.52,True,0
11229,992,3390,3.89224137931034,209496,1193,0.59,True,0
11229,1026,3357,1.98742138364779,50244,1194,0.54,True,0
11229,1060,3392,3.95327102803738,181044,1195,0.14,True,0
11229,1097,3412,5.1345029239766,150138,1196,0.33,True,0
11229,1144,3418,4.22959183673469,162484,1197,0.11,True,0
11229,1179,3419,3.5813953488372,165550,1198,0.18,True,0
11233,81,2857,0.0,0,1194,0.65,True,1
11233,72,2983,3.95327102803738,181044,1195,0.53,True,1
11233,83,3318,5.1345029239766,150138,1196,0.58,True,1
11233,95,3449,4.22959183673469,162484,1197,0.71,True,1
11233,105,3502,3.5813953488372,165550,1198,0.64,True,1
11233,128,3525,2.7037037037037,197100,1199,0.86,True,1
11233,152,3527,2.42333333333333,218100,1200,0.84,True,1
11233,186,3524,2.17378048780487,233864,1201,0.83,True,1
11233,252,3521,2.14371257485029,239144,1202,0.78,True,1
11233,326,3507,2.31987577639751,240534,1203,0.58,True,1
11233,386,3503,2.33656957928802,223098,1204,0.17,True,1
11233,457,3496,2.58131487889273,215594,1205,0.27,True,1
11233,510,3493,2.42857142857142,220031,1206,0.67,True,1
11233,565,3488,2.32389937106918,235002,1207,0.69,True,1
11233,610,3484,2.46534653465346,226341,1208,0.67,True,1
11233,652,3472,2.16434540389972,278943,1209,0.56,True,1
11233,723,3466,2.56856187290969,229632,1210,0.6,True,1
11233,773,3452,2.67986798679868,246036,1211,0.7,True,1
11233,817,3438,2.57538461538461,272025,1212,0.7,True,1
11233,894,3425,2.93856655290102,252273,1213,0.69,True,1
11233,947,3417,3.11510791366906,240748,1214,0.72,True,1
11233,1003,3417,3.33073929961089,219992,1215,0.73,True,1
11233,1050,3411,2.9625850340136,256074,1216,0.69,True,1
11233,1095,3402,3.74789915966386,212296,1217,0.73,True,1
11233,1152,3392,3.52713178294573,234780,1218,0.71,True,1
11233,1195,3393,3.62096774193548,222704,1219,0.73,True,1
11233,1246,3392,3.46332046332046,232323,1220,0.72,True,1
11233,1303,3377,3.86885245901639,230336,1221,0.73,True,1
11233,1354,3369,4.14782608695652,219420,1222,0.76,True,1
11233,1400,3360,4.32142857142857,216832,1223,0.76,True,1
11233,1445,3353,4.12605042016806,233716,1224,0.76,True,1
11233,1492,3342,4.29914529914529,235404,1225,0.77,True,1
11233,1538,3337,4.39130434782608,232300,1226,0.43,True,1
11233,1578,3331,4.6788990825688,222360,1227,0.48,True,1
11233,1610,3331,4.45175438596491,231420,1228,0.71,True,1
11233,1650,3322,4.39662447257384,246954,1229,0.51,True,1
11233,1682,3314,4.24899598393574,263442,1230,0.77,True,1
11233,1726,3296,6.97419354838709,167555,1231,0.77,True,1
11233,1764,3309,7.9485294117647,147016,1232,0.82,True,1
11233,1806,3305,4.5531914893617,251450,1233,0.73,True,1
11233,1860,3286,4.83620689655172,260304,1234,0.71,True,1
11233,1918,3288,4.13207547169811,290175,1235,0.53,True,1
11233,1960,3289,4.28515625,280832,1236,0.81,True,1
11233,2007,3292,4.41463414634146,267156,1237,0.82,True,1
11233,2051,3291,5.036866359447,237181,1238,0.23,True,1
11233,2083,3287,6.66265060240963,183596,1239,0.25,True,1
11233,2110,3285,9.61739130434782,127190,1240,0.55,True,1
11233,2038,2990,5.19834710743801,684981,1241,0.35,True,1
11233,2029,2488,2.06291390728476,188146,1242,0.44,True,1
11233,2035,2259,4.71590909090909,146080,1243,0.78,True,1
11233,2068,2146,4.37373737373737,171468,1244,0.72,True,1
11253,90,3450,0.0,0,1333,0.34,True,1
11253,157,3438,2.8576512455516,225643,1336,0.15,True,1
11253,156,3452,2.54915254237288,221840,1337,0.7,True,1
11253,162,3465,2.50515463917525,212139,1338,0.7,True,1
11253,177,3468,2.15929203539823,248148,1339,0.74,True,1
11253,205,3474,2.10294117647058,243100,1340,0.74,True,1
11253,234,3478,2.008356545961,258839,1341,0.7,True,1
11253,273,3476,2.11953352769679,249361,1342,0.6,True,1
11253,334,3483,2.27777777777777,213282,1343,0.68,True,1
11253,356,3484,2.12688821752265,233024,1344,0.68,True,1
11253,389,3483,2.18944099378882,227010,1345,0.32,True,1
11253,407,3488,2.13622291021671,222870,1346,0.34,True,1
11253,444,3483,1.89417989417989,270648,1347,0.58,True,1
11253,516,3482,2.35855263157894,217968,1348,0.66,True,1
11253,575,3477,2.57950530035335,206590,1349,0.68,True,1
11253,624,3471,2.61837455830388,209703,1350,0.65,True,1
11253,669,3472,2.49488054607508,214183,1351,0.14,True,1
11253,741,3469,2.22356495468277,243616,1352,0.56,True,1
11253,811,3461,2.46451612903225,236840,1353,0.57,True,1
11253,910,3461,2.10614525139664,269932,1354,0.59,True,1
11253,973,3456,2.31831831831831,257076,1355,0.65,True,1
11253,1035,3459,2.62897526501766,210552,1356,0.64,True,1
11253,1120,3459,2.25519287833827,256120,1357,0.65,True,1
11253,1192,3461,2.16666666666666,253422,1358,0.59,True,1
11253,1292,3458,1.82692307692307,316160,1359,0.59,True,1
11253,1368,3456,1.984496124031,297216,1360,0.71,True,1
11253,1431,3454,2.13850415512465,278692,1361,0.56,True,1
11253,1521,3454,1.83971291866028,321442,1362,0.72,True,1
11253,1578,3452,2.13774104683195,281688,1363,0.7,True,1
11253,1670,3456,1.88,300800,1364,0.67,True,1
11253,1747,3456,1.92462311557788,304868,1365,0.78,True,1
11253,1814,3445,2.0625,304128,1366,0.68,True,1
11253,1881,3443,1.97755610972568,317993,1367,0.59,True,1
11253,1939,3455,1.9578947368421,282720,1368,0.62,True,1
11253,2008,3450,2.58724832214765,229758,1369,0.77,True,1
11253,2051,3428,3.48559670781893,205821,1370,0.38,True,1
11253,2085,3385,5.28888888888888,171360,1371,0.33,True,1
11253,2121,3408,7.91428571428571,87255,1372,0.7,True,1
11253,2142,3429,10.4583333333333,54216,1373,0.21,True,1
11253,2150,3454,2.03243243243243,69560,1374,0.14,True,1
11264,55,3326,0.0,0,1378,0.58,True,0
11264,63,3367,3.7560975609756,56826,1379,0.64,True,0
11264,69,3462,4.75362318840579,90528,1380,0.65,True,0
11264,79,3494,4.37888198757764,113505,1381,0.76,True,0
11264,89,3509,3.81215469613259,124890,1382,0.62,True,0
11264,100,3501,3.48780487804878,146575,1383,0.57,True,0
11264,115,3497,3.08620689655172,166112,1384,0.8,True,0
11264,136,3494,3.2027027027027,157842,1385,0.75,True,0
11264,163,3482,3.16170212765957,174605,1386,0.87,True,0
11264,193,3470,3.09311740890688,188708,1387,0.84,True,0
11264,220,3458,3.09486166007905,198099,1388,0.83,True,0
11264,253,3452,3.11462450592885,199364,1389,0.82,True,0
11264,289,3451,3.04669260700389,201231,1390,0.78,True,0
11264,320,3458,3.16455696202531,177750,1391,0.85,True,0
11264,352,3459,3.18828451882845,182118,1392,0.86,True,0
11264,386,3459,3.09716599190283,188955,1393,0.83,True,0
11264,422,3459,3.25531914893617,179775,1394,0.87,True,0
11264,458,3455,3.45333333333333,174825,1395,0.86,True,0
11264,491,3452,3.26359832635983,186420,1396,0.8,True,0
11264,523,3453,3.33624454148471,174956,1397,0.54,True,0
11264,565,3430,3.38955823293172,210156,1398,0.76,True,0
11264,591,3431,3.33061224489795,199920,1399,0.85,True,0
11264,621,3432,3.46808510638297,191525,1400,0.49,True,0
11264,649,3424,3.36,210000,1401,0.26,True,0
11264,676,3418,3.41463414634146,206640,1402,0.11,True,0
11264,706,3406,3.39147286821705,225750,1403,0.88,True,0
11264,735,3397,3.40839694656488,233966,1404,0.84,True,0
11264,762,3389,3.40977443609022,241262,1405,0.83,True,0
11264,786,3383,3.44905660377358,242210,1406,0.84,True,0
11264,804,3378,3.38148148148148,246510,1407,0.87,True,0
11264,820,3371,3.35507246376811,255576,1408,0.86,True,0
11264,833,3366,3.37010676156583,266107,1409,0.86,True,0
11264,841,3370,3.33333333333333,259470,1410,0.84,True,0
11264,853,3375,3.28519855595667,252070,1411,0.79,True,0
11264,864,3375,3.49808429118773,238293,1412,0.82,True,0
11264,873,3372,3.3682310469314,258441,1413,0.82,True,0
11264,876,3415,3.5,181944,1414,0.69,True,0
11264,880,3429,3.32217573221757,189766,1415,0.71,True,0
11264,889,3429,3.27530364372469,199823,1416,0.77,True,0
11264,897,3422,3.37349397590361,209160,1417,0.77,True,0
11264,915,3423,3.6060606060606,192423,1418,0.83,True,0
11264,931,3423,3.5531914893617,196225,1419,0.81,True,0
11264,951,3411,3.83259911894273,197490,1420,0.78,True,0
11264,966,3418,3.63478260869565,192280,1421,0.8,True,0
11264,981,3425,3.44957983193277,195398,1422,0.82,True,0
11264,997,3418,3.74889867841409,193177,1423,0.74,True,0
11264,1015,3435,3.41810344827586,183976,1424,0.77,True,0
11264,1035,3442,3.44541484716157,180681,1425,0.72,True,0
11264,1055,3454,3.27155172413793,176088,1426,0.66,True,0
11264,1081,3446,3.35294117647058,189924,1427,0.71,True,0
11264,1106,3438,3.39583333333333,195600,1428,0.73,True,0
11264,1132,3444,0.975438596491228,79230,1429,0.19,True,0
11264,1151,3424,3.25190839694656,223224,1430,0.13,True,0
11273,90,3143,0.0,0,1433,0.7,True,1
11273,105,3228,2.82125603864734,120888,1434,0.56,True,1
11273,124,3344,3.61354581673306,227657,1435,0.71,True,1
11273,146,3390,3.14527027027027,275576,1436,0.83,True,1
11273,173,3414,2.52407932011331,314523,1437,0.84,True,1
11273,196,3420,2.18844221105527,346658,1438,0.86,True,1
11273,219,3410,2.07972665148063,400807,1439,0.83,True,1
11273,243,3422,1.76131687242798,416016,1440,0.81,True,1
11273,272,3427,1.72154471544715,416724,1441,0.74,True,1
11273,301,3415,1.64140480591497,480408,1442,0.71,True,1
11273,356,3419,1.67704280155642,443068,1443,0.31,True,1
11273,391,3426,1.48758865248226,473196,1444,0.72,True,1
11273,432,3434,1.41319444444444,468864,1445,0.26,True,1
11273,514,3450,1.53254437869822,393939,1447,0.36,True,1
11273,571,3451,1.51809523809523,418425,1448,0.58,True,1
11273,622,3448,1.52761904761904,421050,1449,0.27,True,1
11273,654,3445,1.39754816112084,455658,1450,0.56,True,1
11273,738,3404,1.71135940409683,493503,1452,0.64,True,1
11273,796,3405,1.6043956043956,478296,1453,0.33,True,1
11273,857,3405,1.74451097804391,437874,1454,0.49,True,1
11273,894,3409,1.59814814814814,466020,1455,0.38,True,1
11273,963,3403,1.89935760171306,414229,1456,0.31,True,1
11273,1071,3407,1.74698795180722,433260,1459,0.18,True,1
11273,1137,3399,2.61240310077519,173892,1460,0.11,True,1
11273,1192,3391,1.95689655172413,421312,1461,0.46,True,1
11273,1231,3396,1.79471544715447,434436,1462,0.34,True,1
11273,1262,3400,2.76890756302521,156842,1463,0.3,True,1
11273,1335,3400,2.08530805687203,371360,1464,0.21,True,1
11273,1386,3394,1.9353448275862,416672,1465,0.16,True,1
11273,1455,3393,1.94565217391304,411700,1466,0.11,True,1
11273,1538,3390,2.21375921375921,366707,1467,0.7,True,1
11273,1613,3388,2.06636155606407,394611,1468,0.18,True,1
11273,1696,3389,2.17108433734939,373915,1469,0.62,True,1
11273,1761,3398,2.0045766590389,382812,1470,0.23,True,1
11273,1828,3413,1.88738738738738,372072,1471,0.26,True,1
11273,1945,3421,2.72368421052631,251712,1472,0.31,True,1
11273,2043,3308,4.528,283000,1475,0.24,True,1
11273,2084,3029,1.77222222222222,57420,1476,0.2,True,1
11273,2053,3205,2.33684210526315,189810,1479,0.15,True,1
11281,73,3617,0.0,0,1475,0.45,True,0
11281,90,3684,1.77222222222222,57420,1476,0.2,True,0
11281,147,3546,2.33684210526315,189810,1479,0.31,True,0
11281,160,3554,2.0074074074074,146340,1480,0.33,True,0
11281,188,3634,1.38842975206611,81312,1481,0.15,True,0
11281,227,3655,1.55947136563876,80358,1482,0.39,True,0
11281,309,3713,1.06091370558375,41173,1485,0.12,True,0
11281,347,3646,1.66425992779783,127697,1487,0.37,True,0
11281,355,3707,0.876068376068376,47970,1488,0.13,True,0
11281,353,3673,1.504,94000,1490,0.29,True,0
11281,348,3652,1.45620437956204,109326,1491,0.31,True,0
11281,350,3639,1.55970149253731,112024,1492,0.1,True,0
11281,359,3616,1.73880597014925,124888,1493,0.34,True,0
11281,349,3686,1.19270833333333,43968,1495,0.2,True,0
11281,341,3652,1.66935483870967,102672,1496,0.31,True,0
11281,338,3640,1.54477611940298,110952,1497,0.21,True,0
11281,314,3634,1.45936395759717,116879,1498,0.14,True,0
11281,328,3629,1.78571428571428,101150,1499,0.1,True,0
11281,333,3629,1.72314049586776,100914,1501,0.15,True,0
11281,310,3629,1.42176870748299,122892,1502,0.24,True,0
11281,330,3620,1.93859649122807,100776,1503,0.43,True,0
11281,332,3616,1.89787234042553,104810,1504,0.54,True,0
11281,336,3615,1.96491228070175,102144,1505,0.51,True,0
11281,353,3611,2.01762114537444,103966,1506,0.48,True,0
11281,346,3613,1.98222222222222,100350,1507,0.33,True,0
11281,341,3613,1.82520325203252,110454,1508,0.42,True,0
11281,356,3609,1.98695652173913,105110,1509,0.2,True,0
11281,406,3632,2.10928961748633,70638,1512,0.17,True,0
11281,450,3634,2.40588235294117,69530,1513,0.29,True,0
11281,476,3613,3.13245033112582,71423,1514,0.56,True,0
11281,487,3610,2.47567567567567,84730,1515,0.46,True,0
11281,497,3620,1.90134529147982,94552,1516,0.29,True,0
11281,557,3624,2.28804347826086,77464,1519,0.11,True,0
11281,582,3620,2.27319587628865,85554,1522,0.3,True,0
11281,655,3575,2.81188118811881,114736,1527,0.2,True,0
11281,688,3558,2.76328502415458,118404,1528,0.24,True,0
11281,705,3551,2.81773399014778,116116,1529,0.51,True,0
11281,718,3537,3.13265306122449,120344,1530,0.65,True,0
11281,734,3529,3.06403940886699,126266,1531,0.64,True,0
11281,753,3521,3.08737864077669,131016,1533,0.24,True,0
11281,767,3521,3.01913875598086,131879,1535,0.27,True,0
11281,768,3506,3.00892857142857,150976,1537,0.62,True,0
11281,790,3482,3.54106280193236,151731,1538,0.27,True,0
11281,811,3494,3.47668393782383,129503,1539,0.64,True,0
11281,820,3481,3.6180904522613,143280,1540,0.57,True,0
11281,831,3486,3.56923076923076,135720,1541,0.7,True,0
11281,834,3473,3.65346534653465,149076,1542,0.72,True,0
11281,848,3479,3.55555555555555,139392,1543,0.76,True,0
11281,859,3474,3.64824120603015,144474,1544,0.64,True,0
11281,863,3471,3.60591133004926,148596,1545,0.64,True,0
11281,873,3474,3.86096256684491,135014,1546,0.67,True,0
11281,903,3467,3.55502392344497,155287,1547,0.74,True,0
11281,923,3455,3.47982062780269,173048,1548,0.45,True,0
11281,936,3469,3.8031914893617,134420,1549,0.55,True,0
11281,961,3440,3.80184331797235,179025,1550,0.49,True,0
11281,974,3436,4.03517587939698,159797,1551,0.35,True,0
11281,985,3446,3.81188118811881,155540,1552,0.26,True,0
11281,1022,3457,3.83673469387755,147392,1554,0.23,True,0
11281,1044,3432,3.93396226415094,176808,1555,0.71,True,0
11281,1081,3425,3.11742424242424,217272,1556,0.5,True,0
11281,1095,3425,3.34016393442622,198860,1557,0.6,True,0
11281,1107,3436,3.65581395348837,168990,1558,0.71,True,0
11281,1124,3414,3.81578947368421,198360,1559,0.64,True,0
11281,1127,3418,3.8294930875576,180327,1560,0.71,True,0
11281,1140,3401,4.15887850467289,190460,1561,0.75,True,0
11281,1145,3395,4.48989898989899,176022,1562,0.71,True,0
11281,1155,3376,4.29680365296803,206079,1563,0.56,True,0
11281,1158,3360,4.92857142857142,189336,1564,0.53,True,0
11281,1168,3342,4.85990338164251,208242,1565,0.5,True,0
11281,1183,3319,4.57916666666666,263760,1566,0.31,True,0
11281,1201,3294,3.8103448275862,320450,1567,0.27,True,0
11281,1220,3273,3.39010989010989,449176,1568,0.43,True,0
11281,1233,3252,4.736,296000,1569,0.61,True,0
11281,1238,3289,4.71171171171171,232212,1570,0.6,True,0
11281,1240,3316,4.92195121951219,206845,1571,0.66,True,0
11281,1244,3327,5.34574468085106,188940,1572,0.73,True,0
11281,1258,3326,5.01960784313725,208896,1573,0.75,True,0
11281,1272,3312,5.16019417475728,218978,1574,0.74,True,0
11281,1283,3299,5.19617224880382,226974,1575,0.73,True,0
11281,1295,3294,4.87892376681614,242624,1576,0.8,True,0
11281,1299,3298,5.0521327014218,224926,1577,0.74,True,0
11281,1310,3299,4.96279069767441,229405,1578,0.76,True,0
11281,1315,3312,5.41884816753926,197685,1579,0.8,True,0
11281,1331,3326,5.10659898477157,198182,1580,0.71,True,0
11281,1350,3320,5.32653061224489,204624,1581,0.81,True,0
11281,1370,3300,5.45771144278607,220497,1582,0.71,True,0
11281,1389,3300,5.60416666666666,206592,1583,0.69,True,0
11281,1414,3309,5.13235294117647,213588,1584,0.75,True,0
11281,1439,3300,5.18660287081339,226556,1585,0.75,True,0
11281,1472,3284,5.23831775700934,239894,1586,0.79,True,0
11281,1500,3295,5.41116751269035,210002,1587,0.8,True,0
11281,1525,3295,5.75,203228,1588,0.76,True,0
11281,1549,3259,6.07106598984771,235612,1589,0.66,True,0
11281,1575,3286,6.5090909090909,177210,1590,0.72,True,0
11281,1607,3307,5.87005649717514,183903,1591,0.73,True,0
11281,1631,3385,5.33548387096774,128185,1592,0.44,True,0
11281,1672,3364,4.62559241706161,205936,1593,0.61,True,0
11281,1701,3343,5.26288659793814,198074,1594,0.63,True,0
11281,1725,3303,5.39613526570048,231219,1595,0.37,True,0
11281,1750,3367,4.62433862433862,165186,1596,0.28,True,0
11281,1767,3381,5.58641975308642,146610,1597,0.45,True,0
11281,1787,3308,6.51136363636363,201696,1598,0.53,True,0
11281,1816,3284,5.49514563106796,233192,1599,0.51,True,0
11281,1794,3273,3.18715083798882,408478,1600,0.42,True,0
11281,1797,3266,3.18282548476454,414789,1601,0.57,True,0
11281,1814,3266,3.5076923076923,370500,1602,0.15,True,0
11314,79,3529,0.0,0,1669,0.19,True,1
11314,118,3557,2.39506172839506,141426,1671,0.5,True,1
11314,149,3571,1.92631578947368,156465,1672,0.55,True,1
11314,204,3532,1.74123989218328,239666,1673,0.35,True,1
11314,290,3577,1.2704081632653,195216,1675,0.25,True,1
11314,383,3546,1.91743119266055,205029,1676,0.15,True,1
11314,447,3662,6.62195121951219,44526,1677,0.29,True,1
11314,524,3584,2.04729729729729,179376,1678,0.25,True,1
11314,635,3563,1.79245283018867,181260,1680,0.32,True,1
11314,774,3509,2.32871972318339,194497,1683,0.46,True,1
11314,851,3510,2.59760956175298,163652,1684,0.73,True,1
11314,899,3495,2.34113712374581,209300,1685,0.27,True,1
11314,968,3488,2.796,174750,1686,0.15,True,1
11314,1013,3488,2.3046357615894,210192,1687,0.5,True,1
11314,1052,3494,2.15873015873015,214200,1688,0.28,True,1
11314,1122,3495,2.58174904942965,178577,1689,0.32,True,1
11314,1164,3499,2.22442244224422,204222,1690,0.27,True,1
11314,1222,3497,2.07621951219512,223368,1691,0.61,True,1
11314,1290,3493,2.50364963503649,187964,1692,0.57,True,1
11314,1349,3496,2.5,184960,1693,0.64,True,1
11314,1409,3490,2.44755244755244,200200,1694,0.65,True,1
11314,1476,3486,2.93360995850622,170387,1695,0.66,True,1
11314,1530,3481,2.72519083969465,187068,1696,0.64,True,1
11314,1578,3478,2.56583629893238,202601,1697,0.44,True,1
11314,1638,3470,3.890625,143424,1698,0.57,True,1
11314,1715,3458,2.77205882352941,205088,1699,0.44,True,1
11314,1778,3445,2.81625441696113,225551,1700,0.59,True,1
11314,1834,3441,2.53354632587859,248209,1701,0.48,True,1
11314,1905,3433,2.63225806451612,252960,1702,0.72,True,1
11314,1955,3433,2.628664495114,247749,1703,0.74,True,1
11314,2023,3431,3.12307692307692,211120,1704,0.59,True,1
11314,2080,3438,4.88271604938271,128142,1705,0.64,True,1
11314,2111,3425,6.54761904761904,46200,1706,0.43,True,1
11319,42,3421,0.0,0,1706,0.51,True,0
11319,54,3477,6.00970873786407,63757,1707,0.79,True,0
11319,65,3517,5.38016528925619,78771,1708,0.84,True,0
11319,75,3541,4.08724832214765,90741,1709,0.7,True,0
11319,83,3523,4.04819277108433,111552,1710,0.71,True,0
11319,95,3516,3.56382978723404,125960,1711,0.88,True,0
11319,112,3508,3.43718592964824,136116,1712,0.86,True,0
11319,138,3498,3.71808510638297,131412,1713,0.87,True,0
11319,158,3495,3.63541666666666,134016,1714,0.83,True,0
11319,180,3485,3.9081081081081,133755,1715,0.8,True,0
11319,201,3488,3.73544973544973,133434,1716,0.8,True,0
11319,223,3483,4.03910614525139,129417,1717,0.84,True,0
11319,242,3485,3.56783919597989,141290,1718,0.86,True,0
11319,268,3478,3.42523364485981,156862,1719,0.82,True,0
11319,298,3465,3.4524886877828,168623,1720,0.75,True,0
11319,317,3463,3.53990610328638,160602,1721,0.75,True,0
11319,326,3490,3.90058479532163,114057,1722,0.12,True,0
11319,323,3548,3.34394904458598,82425,1723,0.75,True,0
11319,335,3572,3.58450704225352,72278,1724,0.7,True,0
11319,347,3580,3.71739130434782,70794,1725,0.74,True,0
11319,353,3580,3.80434782608695,72450,1726,0.75,True,0
11319,360,3524,4.7945205479452,102200,1727,0.58,True,0
11319,364,3476,5.37931034482758,113100,1728,0.73,True,0
11319,372,3466,5.36879432624113,106737,1729,0.16,True,0
11319,380,3451,4.66272189349112,133172,1730,0.77,True,0
11319,385,3472,4.01136363636363,124256,1731,0.45,True,0
11319,396,3463,5.16326530612244,111573,1732,0.67,True,0
11319,404,3457,5.21768707482993,112749,1733,0.75,True,0
11319,408,3448,5.0774193548387,121985,1734,0.7,True,0
11319,415,3445,4.90683229813664,127190,1735,0.81,True,0
11319,422,3449,4.46242774566474,133556,1736,0.7,True,0
11319,433,3447,4.66666666666666,131712,1737,0.73,True,0
11319,444,3446,4.63313609467455,132327,1738,0.71,True,0
11319,453,3449,4.64071856287425,129425,1739,0.72,True,0
11319,464,3449,4.65868263473053,129926,1740,0.46,True,0
11319,471,3456,4.54491017964071,126753,1741,0.32,True,0
11319,480,3459,4.02139037433155,140624,1742,0.46,True,0
11319,506,3462,4.34302325581395,128484,1743,0.43,True,0
11319,530,3465,4.20338983050847,131688,1744,0.33,True,0
11319,546,3463,3.61057692307692,156208,1745,0.34,True,0
11319,567,3479,3.3701923076923,145808,1746,0.7,True,0
11319,587,3470,3.22510822510822,172095,1747,0.57,True,0
11319,601,3489,3.16279069767441,146200,1748,0.35,True,0
11319,618,3515,3.04926108374384,125657,1749,0.5,True,0
11319,629,3529,2.79816513761467,132980,1750,0.57,True,0
11319,647,3530,2.29292929292929,202257,1751,0.35,True,0
11319,733,3513,3.29702970297029,134532,1755,0.17,True,0
11319,750,3521,2.95774647887323,134190,1756,0.18,True,0
11319,780,3513,3.51336898395721,122859,1758,0.22,True,0
11319,801,3500,3.62303664921465,132172,1759,0.69,True,0
11319,815,3505,3.65745856353591,119822,1760,0.31,True,0
11319,830,3512,3.01860465116279,139535,1763,0.31,True,0
11319,868,3539,2.67289719626168,122408,1767,0.12,True,0
11319,885,3533,2.89302325581395,133730,1768,0.44,True,0
11319,904,3498,3.33488372093023,154155,1769,0.38,True,0
11319,938,3478,3.13025210084033,177310,1770,0.56,True,0
11319,943,3464,3.02822580645161,186248,1771,0.67,True,0
11319,952,3476,2.97489539748953,169929,1772,0.76,True,0
11319,978,3486,3.24413145539906,147183,1773,0.53,True,0
11319,991,3507,2.74678111587982,149120,1774,0.29,True,0
11319,1006,3515,2.40449438202247,171414,1775,0.17,True,0
11319,1032,3530,2.8755980861244,125609,1776,0.65,True,0
11319,1094,3514,3.484375,128448,1778,0.21,True,0
11319,1143,3515,2.95366795366795,198135,1779,0.25,True,0
11333,71,3576,0.0,0,1774,0.66,True,1
11333,102,3477,3.484375,128448,1778,0.22,True,1
11333,124,3454,2.95366795366795,198135,1779,0.44,True,1
11333,155,3446,2.37230769230769,250575,1780,0.15,True,1
11333,165,3546,1.46341463414634,157440,1783,0.17,True,1
11333,186,3607,1.08870967741935,150660,1784,0.3,True,1
11333,198,3646,0.944297082228116,134212,1785,0.29,True,1
11333,261,3659,0.927272727272727,137445,1786,0.29,True,1
11333,286,3672,0.709401709401709,155376,1787,0.3,True,1
11333,324,3670,0.732510288065843,173016,1788,0.32,True,1
11333,372,3668,0.688109161793372,181089,1789,0.33,True,1
11333,451,3664,0.781857451403887,167606,1790,0.28,True,1
11333,515,3631,0.956066945606694,218446,1791,0.25,True,1
11333,630,3650,0.927835051546391,139680,1792,0.18,True,1
11333,733,3655,0.989189189189189,135420,1793,0.23,True,1
11333,803,3656,1.01643835616438,135415,1794,0.25,True,1
11333,833,3629,0.944099378881987,220248,1795,0.28,True,1
11333,907,3616,1.09785202863961,192740,1796,0.25,True,1
11333,991,3628,1.12087912087912,148512,1797,0.33,True,1
11333,1052,3634,0.975669099756691,164811,1798,0.28,True,1
11333,1074,3637,0.838983050847457,186912,1799,0.19,True,1
11333,1174,3652,2.86792452830188,72504,1800,0.29,True,1
11333,1242,3656,0.827586206896551,156600,1801,0.11,True,1
11333,1296,3663,0.84841075794621,141923,1802,0.19,True,1
11333,1348,3665,0.781038374717833,153278,1803,0.2,True,1
11333,1428,3664,0.838095238095238,147840,1804,0.19,True,1
11333,1519,3665,0.886889460154241,134205,1805,0.15,True,1
11333,1641,3670,3.23618090452261,128156,1806,0.14,True,1
11333,1660,3665,0.894206549118387,140935,1807,0.16,True,1
11333,1785,3664,0.939153439153439,134190,1808,0.12,True,1
11333,1864,3658,0.984,138375,1809,0.18,True,1
11333,1924,3661,0.969780219780219,128492,1810,0.12,True,1
11333,1934,3559,1.77044854881266,254309,1811,0.16,True,1
11333,1987,3534,1.82697947214076,212443,1812,0.44,True,1
11333,2036,3512,2.53846153846153,171600,1813,0.73,True,1
11333,2077,3489,3.90710382513661,130845,1814,0.51,True,1
11333,2052,3234,2.04605263157894,189088,1815,0.44,True,1
11333,2042,2945,2.58940397350993,236164,1816,0.12,True,1
11345,763,3676,0.0,0,1855,0.38,True,0
11345,802,3679,1.31799163179916,75285,1856,0.25,True,0
11345,815,3681,1.30416666666666,75120,1857,0.36,True,0
11345,820,3678,1.15412186379928,89838,1858,0.11,True,0
11345,986,3668,1.50438596491228,78204,1866,0.18,True,0
11345,1082,3621,3.55555555555555,28800,1868,0.13,True,0
11347,105,3016,0.0,0,1872,0.4,True,1
11347,111,3032,1.19266055045871,56680,1873,0.16,True,1
11347,108,3172,1.51442307692307,65520,1876,0.33,True,1
11347,111,3231,1.98173515981735,95046,1877,0.39,True,1
11347,74,3493,4.50862068965517,60668,1878,0.51,True,1
11347,91,3530,3.25242718446601,138020,1879,0.45,True,1
11347,110,3529,2.95780590717299,166137,1881,0.53,True,1
11347,116,3577,2.31355932203389,128856,1882,0.51,True,1
11347,131,3575,2.10431654676258,162630,1883,0.72,True,1
11347,149,3569,1.88853503184713,186202,1884,0.79,True,1
11347,176,3533,1.92717086834733,245616,1885,0.82,True,1
11347,212,3502,1.75296912114014,310698,1886,0.77,True,1
11347,237,3488,1.74823529411764,315775,1887,0.71,True,1
11347,321,3470,1.78211009174311,338772,1889,0.11,True,1
11347,354,3456,1.83371298405466,353395,1890,0.79,True,1
11347,399,3453,1.80593607305936,346458,1891,0.76,True,1
11347,440,3445,1.73376623376623,370062,1892,0.15,True,1
11347,490,3437,1.83592017738359,373428,1893,0.69,True,1
11347,530,3415,1.76305220883534,437244,1894,0.66,True,1
11347,690,3399,2.14319809069212,376262,1897,0.29,True,1
11347,745,3394,2.20588235294117,367200,1898,0.74,True,1
11347,788,3399,1.84067085953878,418806,1899,0.3,True,1
11347,950,3374,2.11060948081264,414205,1902,0.13,True,1
11347,1004,3375,2.10779816513761,400684,1903,0.2,True,1
11347,1109,3350,2.6951871657754,376992,1904,0.12,True,1
11347,1263,3327,2.94849785407725,160071,1906,0.13,True,1
11347,1304,3317,3.36538461538461,327600,1907,0.42,True,1
11347,1350,3309,3.27300613496932,347842,1908,0.11,True,1
11347,1388,3303,2.95054945054945,390936,1909,0.16,True,1
11347,1458,3305,3.44012944983818,328467,1910,0.13,True,1
11347,1500,3307,3.52666666666666,317400,1911,0.11,True,1
11347,1544,3309,3.22324159021406,344658,1912,0.26,True,1
11347,1667,3309,3.39102564102564,330096,1913,0.18,True,1
11347,1716,3308,3.71328671328671,303732,1914,0.41,True,1
11347,1750,3308,3.69930069930069,302588,1915,0.18,True,1
11347,1768,3311,3.66202090592334,301637,1916,0.23,True,1
11347,1875,3312,3.5958904109589,306600,1917,0.37,True,1
11347,1932,3317,3.51864406779661,306210,1918,0.18,True,1
11347,1977,3319,3.75724637681159,286212,1919,0.16,True,1
11347,2082,3419,7.04807692307692,76232,1923,0.53,True,1
11347,2131,3472,10.4393939393939,45474,1924,0.38,True,1
11365,134,2838,0.0,0,1983,0.38,True,1
11365,66,3096,7.08333333333333,123420,1987,0.29,True,1
11365,98,3280,4.44444444444444,243360,1988,0.78,True,1
11365,118,3408,3.43307086614173,221488,1989,0.84,True,1
11365,148,3437,2.88673139158576,275628,1990,0.8,True,1
11365,177,3440,2.40214477211796,334208,1991,0.61,True,1
11365,196,3444,2.21319796954314,343568,1992,0.36,True,1
11365,231,3414,2.07743362831858,424428,1993,0.5,True,1
11365,292,3438,1.62619808306709,159317,1994,0.26,True,1
11365,325,3409,2.692,168250,1995,0.4,True,1
11365,361,3391,2.32107843137254,386376,1996,0.66,True,1
11365,415,3379,2.53385416666666,373632,1997,0.2,True,1
11365,469,3372,2.77777777777777,189225,1998,0.19,True,1
11365,492,3340,2.92996108949416,193521,1999,0.26,True,1
11365,567,3321,3.0340909090909,211464,2000,0.2,True,1
11365,598,3304,2.5296803652968,485304,2001,0.34,True,1
11365,616,3296,2.2892561983471,536272,2002,0.23,True,1
11365,667,3283,2.44924406047516,525042,2003,0.39,True,1
11365,728,3267,2.55555555555555,538407,2004,0.15,True,1
11365,791,3258,2.60264900662251,534087,2005,0.27,True,1
11365,923,3259,3.42647058823529,396100,2007,0.17,True,1
11365,983,3249,2.72272727272727,527120,2008,0.33,True,1
11365,1031,3254,2.43243243243243,562770,2009,0.15,True,1
11365,1132,3264,2.31845841784989,563499,2011,0.3,True,1
11365,1319,3277,3.25,181012,2014,0.12,True,1
11365,1365,3353,3.325,191520,2015,0.12,True,1
11365,1593,3325,2.62593516209476,422253,2018,0.33,True,1
11381,124,3447,0.0,0,2092,0.48,True,1
11381,117,3509,2.97807017543859,154812,2093,0.53,True,1
11381,132,3516,2.52808988764044,180225,2094,0.51,True,1
11381,152,3516,2.1182108626198,207519,2095,0.83,True,1
11381,188,3505,1.96600566572237,244982,2096,0.8,True,1
11381,220,3503,1.71321695760598,275487,2097,0.83,True,1
11381,273,3495,1.72860635696821,289163,2098,0.52,True,1
11381,339,3480,1.92368421052631,277780,2099,0.75,True,1
11381,384,3464,1.78886310904872,332301,2100,0.68,True,1
11381,427,3460,1.76851851851851,330048,2101,0.72,True,1
11381,471,3467,1.75894988066825,308803,2102,0.64,True,1
11381,534,3473,1.99722222222222,258840,2103,0.59,True,1
11381,582,3465,1.82932692307692,316576,2104,0.7,True,1
11381,638,3448,1.82045454545454,352440,2105,0.7,True,1
11381,673,3446,1.61475409836065,384544,2106,0.52,True,1
11381,744,3432,1.91435185185185,357264,2107,0.71,True,1
11381,826,3438,2.15447154471544,293355,2108,0.66,True,1
11381,898,3443,2.29032258064516,266321,2109,0.44,True,1
11381,964,3434,2.50152905198776,267486,2110,0.77,True,1
11381,1009,3422,2.24074074074074,320166,2111,0.7,True,1
11381,1059,3421,2.26975476839237,305711,2112,0.65,True,1
11381,1131,3413,2.4683908045977,298932,2113,0.72,True,1
11381,1194,3407,2.49425287356321,302064,2114,0.75,True,1
11381,1260,3396,2.26395939086294,351448,2115,0.75,True,1
11381,1325,3383,2.19239904988123,388583,2116,0.73,True,1
11381,1405,3375,2.41709844559585,360138,2117,0.8,True,1
11381,1469,3372,2.26763990267639,383052,2118,0.62,True,1
11398,578,767,0.0,0,2143,0.25,True,0
11398,740,847,3.57815845824411,780357,2144,0.19,True,0
11398,833,673,4.00645161290322,385020,2145,0.61,True,0
11398,946,619,4.32116788321167,324416,2146,0.14,True,0
11398,1089,587,4.24,320650,2147,0.12,True,0
11398,1343,806,4.59477124183006,107559,2151,0.13,True,0
11424,43,2895,0.0,0,2273,0.67,True,0
11424,55,2937,3.74311926605504,44472,2274,0.66,True,0
11424,68,2992,4.01538461538461,67860,2275,0.63,True,0
11424,75,3046,4.27397260273972,91104,2276,0.81,True,0
11424,91,3206,5.56084656084656,198639,2277,0.86,True,0
11424,107,3250,4.83018867924528,217088,2278,0.9,True,0
11424,125,3263,4.29918032786885,255956,2279,0.92,True,0
11424,139,3260,4.17063492063492,264852,2280,0.93,True,0
11424,164,3257,4.37959183673469,262885,2281,0.93,True,0
11424,189,3250,4.42798353909465,261468,2282,0.92,True,0
11424,216,3248,4.21176470588235,273870,2283,0.92,True,0
11424,239,3242,4.25301204819277,263691,2284,0.92,True,0
11424,256,3235,4.31983805668016,263549,2285,0.92,True,0
11424,273,3230,4.3469387755102,260925,2286,0.91,True,0
11424,287,3223,4.38524590163934,261080,2287,0.9,True,0
11424,288,3260,4.42857142857142,195300,2288,0.91,True,0
11424,292,3283,4.67708333333333,172416,2289,0.88,True,0
11424,298,3294,4.72282608695652,159896,2290,0.86,True,0
11424,307,3279,5.04891304347826,170936,2291,0.78,True,0
11424,321,3269,4.95721925133689,173349,2292,0.84,True,0
11424,336,3261,4.98404255319149,176156,2293,0.85,True,0
11424,352,3252,4.66831683168316,190486,2294,0.74,True,0
11424,368,3248,4.66019417475728,197760,2295,0.85,True,0
11424,383,3242,4.95,198000,2296,0.83,True,0
11424,402,3231,5.07425742574257,207050,2297,0.84,True,0
11424,420,3217,5.00943396226415,225144,2298,0.76,True,0
11424,436,3210,5.04807692307692,218400,2299,0.87,True,0
11424,456,3206,4.86175115207373,228935,2300,0.89,True,0
11424,476,3204,4.81363636363636,232980,2301,0.9,True,0
11424,495,3204,5.03791469194312,224293,2302,0.89,True,0
11424,517,3206,4.96208530805687,220917,2303,0.84,True,0
11424,538,3204,4.95794392523364,227054,2304,0.87,True,0
11424,564,3193,4.90825688073394,233260,2305,0.82,True,0
11424,587,3195,5.13461538461538,222144,2306,0.84,True,0
11424,611,3184,5.2877358490566,237652,2307,0.9,True,0
11424,640,3169,5.34579439252336,244816,2308,0.91,True,0
11424,668,3178,5.18957345971564,231045,2309,0.69,True,0
11424,693,3194,5.26865671641791,212859,2310,0.78,True,0
11424,722,3193,5.21428571428571,229950,2311,0.83,True,0
11424,755,3199,4.88839285714285,245280,2312,0.85,True,0
11424,789,3209,5.18009478672985,230623,2313,0.88,True,0
11424,817,3222,5.38,215200,2314,0.89,True,0
11424,851,3231,4.99086757990867,239367,2315,0.54,True,0
11424,877,3243,5.35323383084577,216276,2316,0.15,True,0
11424,908,3258,5.38308457711442,217482,2317,0.83,True,0
11424,941,3270,5.59793814432989,210684,2318,0.15,True,0
11424,970,3277,5.90425531914893,208680,2319,0.44,True,0
11424,997,3276,6.0427807486631,211310,2320,0.17,True,0
11424,1027,3273,6.12365591397849,211854,2321,0.66,True,0
11424,1059,3265,6.40883977900552,209960,2322,0.76,True,0
11424,1092,3263,6.20430107526881,214644,2323,0.26,True,0
11424,1124,3263,6.25543478260869,211784,2324,0.82,True,0
11424,1161,3261,5.95854922279792,221950,2325,0.13,True,0
11424,1192,3248,6.12244897959183,235200,2326,0.71,True,0
11424,1218,3263,6.20765027322404,207888,2327,0.6,True,0
11424,1247,3282,6.68292682926829,179744,2328,0.23,True,0
11424,1279,3290,5.703125,210240,2329,0.36,True,0
11424,1304,3295,6.2183908045977,188268,2330,0.51,True,0
11424,1332,3306,6.08045977011494,184092,2331,0.29,True,0
11424,1360,3313,5.62032085561497,196537,2332,0.24,True,0
11424,1384,3321,5.43684210526315,196270,2333,0.25,True,0
11424,1407,3317,5.98295454545454,185328,2334,0.45,True,0
11424,1433,3326,5.91907514450867,177152,2335,0.32,True,0
11424,1467,3329,4.77102803738317,218494,2336,0.4,True,0
11424,1490,3345,4.96446700507614,192666,2337,0.37,True,0
11424,1514,3333,5.33678756476684,198790,2338,0.4,True,0
11424,1532,3329,5.82386363636363,180400,2339,0.11,True,0
11424,1559,3317,5.57894736842105,201400,2340,0.58,True,0
11424,1588,3312,5.305,212200,2341,0.68,True,0
11424,1604,3311,6.19298245614035,181089,2342,0.71,True,0
11424,1625,3330,6.16666666666666,161838,2343,0.65,True,0
11424,1649,3346,5.80838323353293,161990,2344,0.63,True,0
11424,1673,3347,6.70748299319727,144942,2345,0.71,True,0
11424,1699,3348,6.50993377483443,148433,2346,0.69,True,0
11424,1724,3354,6.70833333333333,139104,2347,0.65,True,0
11424,1756,3340,6.32919254658385,164059,2348,0.11,True,0
11424,1786,3338,1.67717996289424,487256,2349,0.15,True,0
11424,1822,3348,3.31702898550724,1010712,2350,0.15,True,0
11424,1858,3307,2.85263157894736,411920,2355,0.12,True,0
11424,1999,3239,8.65034965034965,176891,2361,0.14,True,0
11424,2041,3227,8.65492957746478,174518,2362,0.12,True,0
11424,2073,3244,7.14723926380368,189895,2363,0.77,True,0
11424,2090,3257,7.47712418300653,175032,2364,0.86,True,0
11424,2101,3247,8.58273381294964,165827,2365,0.88,True,0
11424,2116,3239,12.03,120300,2366,0.31,True,0
11424,2129,3293,12.3882352941176,89505,2370,0.36,True,0
11449,64,3204,0.0,0,2389,0.22,True,0
11449,74,3073,3.90728476821192,89090,2390,0.31,True,0
11449,79,3087,4.24050632911392,105860,2391,0.37,True,0
11449,93,3223,5.15625,190080,2392,0.71,True,0
11449,104,3276,4.83490566037735,217300,2393,0.84,True,0
11449,111,3292,4.57657657657657,225552,2394,0.71,True,0
11449,122,3311,4.26446280991735,249744,2395,0.69,True,0
11449,129,3319,4.14741035856573,261291,2396,0.89,True,0
11449,136,3317,3.96590909090909,276408,2397,0.86,True,0
11449,141,3314,3.88014981273408,276612,2398,0.91,True,0
11449,149,3312,3.72759856630824,290160,2399,0.92,True,0
11449,155,3320,3.65034965034965,298584,2400,0.92,True,0
11449,163,3323,3.7653429602888,288911,2401,0.9,True,0
11449,171,3320,3.82181818181818,289025,2402,0.82,True,0
11449,180,3313,3.86642599277978,296667,2403,0.88,True,0
11449,183,3321,3.86194029850746,277380,2404,0.86,True,0
11449,190,3321,3.65034965034965,298584,2405,0.83,True,0
11449,194,3325,3.65124555160142,288306,2406,0.89,True,0
11449,199,3327,3.65,286160,2407,0.91,True,0
11449,204,3323,3.64912280701754,296400,2408,0.91,True,0
11449,205,3322,3.72142857142857,291760,2409,0.9,True,0
11449,203,3325,3.65248226950354,290460,2410,0.88,True,0
11449,210,3332,3.74444444444444,272970,2411,0.88,True,0
11449,210,3334,3.54736842105263,288135,2412,0.82,True,0
11449,222,3335,3.82264150943396,268445,2413,0.91,True,0
11449,232,3334,3.7380073800738,274523,2414,0.9,True,0
11449,249,3335,3.49310344827586,293770,2415,0.9,True,0
11449,272,3327,3.42384105960264,312268,2416,0.89,True,0
11449,288,3326,3.25632911392405,325164,2417,0.85,True,0
11449,300,3331,3.48109965635738,294783,2418,0.65,True,0
11449,329,3328,3.29487179487179,320736,2419,0.79,True,0
11449,361,3329,3.26517571884984,319886,2420,0.86,True,0
11449,388,3328,3.24358974358974,315744,2421,0.83,True,0
11449,397,3330,3.28064516129032,315270,2422,0.52,True,0
11449,417,3350,3.54814814814814,258660,2423,0.6,True,0
11449,444,3370,3.50190114068441,242223,2424,0.68,True,0
11449,473,3371,3.65758754863813,241580,2425,0.69,True,0
11449,499,3362,3.67680608365019,254321,2426,0.48,True,0
11449,551,3363,3.8663967611336,235885,2428,0.72,True,0
11449,577,3374,3.86974789915966,219198,2429,0.37,True,0
11449,607,3365,3.73255813953488,248454,2430,0.2,True,0
11449,639,3370,3.59615384615384,243100,2431,0.54,True,0
11449,664,3368,3.76190476190476,238896,2432,0.26,True,0
11449,688,3383,3.89610389610389,207900,2433,0.69,True,0
11449,720,3381,3.90677966101694,217592,2434,0.73,True,0
11449,747,3363,4.03305785123966,236192,2435,0.55,True,0
11449,768,3309,4.4015748031496,283972,2436,0.83,True,0
11449,793,3349,3.55813953488372,236844,2437,0.79,True,0
11449,830,3344,3.77272727272727,262944,2438,0.8,True,0
11449,846,3364,3.78775510204081,227360,2439,0.86,True,0
11449,874,3368,3.71825396825396,236124,2440,0.41,True,0
11449,899,3364,3.76377952755905,242824,2441,0.11,True,0
11449,920,3361,3.87903225806451,238576,2442,0.84,True,0
11449,955,3339,3.76470588235294,278528,2443,0.59,True,0
11449,982,3343,3.71863117870722,257214,2444,0.7,True,0
11449,996,3346,4.08403361344537,231336,2445,0.11,True,0
11449,1009,3352,4.21834061135371,221214,2446,0.6,True,0
11449,1035,3346,4.21702127659574,232885,2447,0.54,True,0
11449,1054,3350,4.13135593220339,230100,2448,0.11,True,0
11449,1078,3350,4.21551724137931,226896,2449,0.18,True,0
11449,1136,3298,3.80267558528428,339963,2450,0.83,True,0
11449,1141,3342,4.48571428571428,197820,2451,0.78,True,0
11449,1174,3349,4.11489361702127,227245,2452,0.54,True,0
11449,1201,3350,4.28070175438596,222528,2453,0.49,True,0
11449,1230,3358,2.45388349514563,416532,2454,0.63,True,0
11449,1269,3356,4.10169491525423,228448,2455,0.58,True,0
11449,1305,3363,4.46698113207547,200764,2456,0.8,True,0
11449,1350,3367,4.50961538461538,195104,2457,0.76,True,0
11449,1385,3376,4.52709359605911,186557,2458,0.55,True,0
11449,1423,3377,4.7680412371134,179450,2459,0.12,True,0
11449,1478,3383,4.58883248730964,178088,2460,0.7,True,0
11449,1525,3389,4.495,179800,2461,0.71,True,0
11449,1572,3391,4.71052631578947,170050,2462,0.2,True,0
11449,1615,3404,4.64673913043478,157320,2463,0.62,True,0
11449,1664,3412,4.46842105263157,161310,2464,0.28,True,0
11449,1707,3415,4.43455497382199,161777,2465,0.14,True,0
11449,1748,3424,4.57458563535911,149868,2466,0.67,True,0
11449,1794,3429,4.6067415730337,145960,2467,0.15,True,0
11449,1833,3435,4.05050505050505,158796,2468,0.53,True,0
11449,1880,3439,4.57714285714285,140175,2469,0.61,True,0
11449,1914,3439,3.88888888888888,166635,2470,0.32,True,0
11449,1959,3443,4.65882352941176,134640,2471,0.14,True,0
11449,1873,3407,2.31297709923664,357237,2473,0.4,True,0
11454,96,2800,0.0,0,2443,0.8,True,1
11454,108,2864,3.71863117870722,257214,2444,0.8,True,1
11454,140,2937,4.08403361344537,231336,2445,0.77,True,1
11454,164,3087,4.21834061135371,221214,2446,0.81,True,1
11454,149,3272,4.21702127659574,232885,2447,0.85,True,1
11454,157,3330,4.13135593220339,230100,2448,0.84,True,1
11454,190,3348,4.21551724137931,226896,2449,0.81,True,1
11454,279,3369,4.11489361702127,227245,2452,0.78,True,1
11454,325,3359,4.28070175438596,222528,2453,0.67,True,1
11454,388,3359,2.45388349514563,416532,2454,0.82,True,1
11454,459,3358,4.10169491525423,228448,2455,0.79,True,1
11454,736,3365,4.7680412371134,179450,2459,0.17,True,1
11454,1005,3379,4.71052631578947,170050,2462,0.44,True,1
11454,1165,3388,4.46842105263157,161310,2464,0.72,True,1
11454,1253,3395,4.43455497382199,161777,2465,0.74,True,1
11454,1378,3403,4.6067415730337,145960,2467,0.58,True,1
11492,58,3099,0.0,0,2644,0.55,True,1
11492,68,3177,3.34057971014492,63618,2645,0.64,True,1
11492,76,3249,3.28947368421052,76000,2646,0.75,True,1
11492,87,3312,6.11818181818181,74030,2647,0.73,True,1
11492,94,3360,7.06521739130434,59800,2648,0.71,True,1
11492,103,3360,8.35443037974683,52140,2649,0.5,True,1
11492,125,3364,3.92857142857142,249480,2650,0.83,True,1
11492,147,3373,3.32517482517482,271986,2651,0.87,True,1
11492,164,3373,3.05732484076433,301440,2652,0.91,True,1
11492,178,3398,2.68484848484848,292380,2653,0.91,True,1
11492,191,3398,2.63188405797101,313260,2654,0.9,True,1
11492,203,3413,2.45868945868945,302913,2655,0.9,True,1
11492,221,3414,2.3972602739726,319375,2656,0.91,True,1
11492,241,3410,2.40217391304347,325312,2657,0.9,True,1
11492,262,3419,2.37359550561797,300820,2658,0.89,True,1
11492,282,3418,2.47262247838616,297726,2659,0.91,True,1
11492,296,3418,2.44571428571428,299600,2660,0.88,True,1
11492,311,3422,2.47800586510263,288145,2661,0.9,True,1
11492,326,3416,2.53823529411764,293420,2662,0.19,True,1
11492,343,3410,2.61746987951807,288508,2663,0.82,True,1
11492,358,3411,2.54411764705882,294100,2664,0.88,True,1
11492,374,3403,2.64970059880239,295590,2665,0.72,True,1
11492,397,3392,2.9703947368421,274512,2666,0.85,True,1
11492,414,3381,3.00967741935483,289230,2667,0.71,True,1
11492,426,3384,2.7883435582822,296334,2668,0.86,True,1
11492,443,3380,3.02941176470588,283662,2669,0.89,True,1
11492,450,3370,2.971875,304320,2670,0.88,True,1
11492,468,3363,3.0702875399361,300793,2671,0.88,True,1
11492,490,3353,3.20195439739413,301781,2672,0.88,True,1
11492,510,3343,3.20833333333333,312312,2673,0.87,True,1
11492,524,3336,3.29220779220779,312312,2674,0.85,True,1
11492,541,3339,3.33444816053511,298103,2675,0.9,True,1
11492,561,3339,3.53356890459363,283000,2676,0.89,True,1
11492,583,3326,3.48805460750853,299446,2677,0.88,True,1
11492,607,3318,3.48986486486486,305768,2678,0.86,True,1
11492,623,3319,3.53448275862068,297250,2679,0.84,True,1
11492,644,3302,3.47452229299363,342574,2680,0.17,True,1
11492,666,3289,3.50949367088607,350444,2681,0.65,True,1
11492,682,3290,3.58881578947368,331664,2682,0.73,True,1
11492,688,3315,3.62989323843416,286620,2683,0.79,True,1
11492,707,3322,3.50342465753424,298716,2684,0.81,True,1
11492,724,3332,3.51929824561403,285855,2685,0.77,True,1
11492,740,3335,3.38383838383838,298485,2686,0.56,True,1
11492,761,3338,3.5,278334,2687,0.57,True,1
11492,779,3336,3.50704225352112,282864,2688,0.71,True,1
11492,799,3333,2.49107142857142,781200,2689,0.52,True,1
11492,824,3336,2.25358851674641,885951,2690,0.37,True,1
11492,852,3338,3.66417910447761,263176,2691,0.37,True,1
11492,879,3336,3.79323308270676,268394,2692,0.35,True,1
11492,917,3338,3.67647058823529,272000,2693,0.16,True,1
11492,950,3347,3.71814671814671,249417,2694,0.27,True,1
11492,977,3342,3.91015625,256256,2695,0.51,True,1
11492,1001,3330,1.8957654723127,714696,2696,0.48,True,1
11492,1035,3323,3.64768683274021,288025,2697,0.49,True,1
11492,1000,3221,3.39646464646464,532620,2698,0.36,True,1
11492,979,3188,2.70612244897959,649740,2699,0.48,True,1
11492,1082,3175,4.56013745704467,386157,2700,0.67,True,1
11492,1037,3179,2.26388888888888,751104,2701,0.6,True,1
11492,1027,3258,1.87676056338028,605488,2702,0.11,True,1
11517,98,2885,0.0,0,2793,0.47,True,1
11517,105,2952,2.42583732057416,105963,2794,0.76,True,1
11517,107,3250,5.14953271028037,235828,2795,0.59,True,1
11517,141,3226,4.49666666666666,404700,2796,0.51,True,1
11517,179,3248,3.31648936170212,468872,2797,0.85,True,1
11517,195,3274,3.0516795865633,457047,2798,0.66,True,1
11517,197,3339,3.0304054054054,265512,2799,0.72,True,1
11517,167,3455,2.45547945205479,209364,2800,0.55,True,1
11517,163,3507,3.3831417624521,230463,2801,0.81,True,1
11517,171,3519,2.02654867256637,232893,2802,0.82,True,1
11517,196,3527,1.80862533692722,248941,2803,0.82,True,1
11517,226,3527,1.64975845410628,282762,2804,0.75,True,1
11517,282,3533,1.65656565656565,259776,2805,0.69,True,1
11517,356,3533,1.73157894736842,250040,2806,0.62,True,1
11517,425,3538,1.71313672922252,238347,2807,0.64,True,1
11517,506,3536,1.9080118694362,216691,2808,0.6,True,1
11517,573,3538,1.80681818181818,223872,2809,0.57,True,1
11517,627,3537,1.68882978723404,238760,2810,0.61,True,1
11517,722,3545,1.71794871794871,211653,2811,0.57,True,1
11517,788,3539,1.89221556886227,211088,2812,0.6,True,1
11517,831,3549,3.7560975609756,227304,2813,0.6,True,1
11517,926,3552,1.69855072463768,202170,2814,0.61,True,1
11517,978,3556,1.70674486803519,198462,2815,0.37,True,1
11517,1033,3560,3.84090909090909,185900,2816,0.62,True,1
11517,1103,3552,1.97658862876254,176709,2817,0.26,True,1
11517,1156,3546,1.94136807817589,182972,2818,0.64,True,1
11517,1203,3545,1.70821529745042,212859,2819,0.48,True,1
11517,1292,3541,2.03030303030303,179091,2820,0.45,True,1
11517,1356,3538,2.36328125,154880,2821,0.15,True,1
11517,1416,3538,2.39285714285714,151956,2822,0.72,True,1
11517,1475,3539,2.1970802919708,164948,2823,0.66,True,1
11517,1525,3540,2.18315018315018,162708,2824,0.67,True,1
11517,1579,3545,2.16117216117216,161070,2825,0.64,True,1
11517,1626,3557,5.7062937062937,116688,2826,0.65,True,1
11517,1677,3557,1.91304347826086,171028,2827,0.59,True,1
11517,1722,3549,2.04109589041095,174032,2828,0.67,True,1
11517,1763,3542,1.89523809523809,188055,2829,0.38,True,1
11517,1806,3535,1.96774193548387,189100,2830,0.13,True,1
11517,1858,3543,1.57837837837837,216080,2831,0.71,True,1
11517,1883,3544,1.7754491017964,198062,2832,0.7,True,1
11517,1920,3546,1.79938271604938,188892,2833,0.69,True,1
11517,1950,3534,1.87125748502994,208750,2834,0.4,True,1
11517,1971,3535,1.71067415730337,216804,2835,0.36,True,1
11517,2020,3521,4.32558139534883,127968,2836,0.71,True,1
11517,2051,3532,4.0531914893617,143256,2837,0.51,True,1
11517,2075,3535,4.52727272727272,123255,2838,0.38,True,1
11517,2041,3276,4.45714285714285,442260,2839,0.25,True,1
11517,2042,3174,5.20588235294117,385152,2840,0.82,True,1
11517,2054,3143,6.0,317400,2841,0.17,True,1
11517,2073,3135,4.65217391304347,120589,2842,0.53,True,1
11517,2057,3053,5.21621621621621,114256,2843,0.15,True,1
